country,continent,year,lifeExp,pop,gdpPercap,iso_alpha,iso_num
Algeria,Africa,1952,43.077,9279525,2449.008,DZA,12
Angola,Africa,1952,30.015,4232095,3520.61,AGO,24
Benin,Africa,1952,38.223,1738315,1062.752,BEN,204
Botswana,Africa,1952,47.622,442308,851.241,BWA,72
Burkina Faso,Africa,1952,31.975,4469979,543.255,BFA,854
Burundi,Africa,1952,39.031,2445618,339.296,BDI,108
Cameroon,Africa,1952,38.523,5009067,1172.668,CMR,120
Central African Republic,Africa,1952,35.463,1291695,1071.311,CAF,140
Chad,Africa,1952,38.092,2682462,1178.666,TCD,148
Comoros,Africa,1952,40.715,153936,1102.991,COM,174
"Congo, Dem. Rep.",Africa,1952,39.143,14100005,780.542,COD,180
"Congo, Rep.",Africa,1952,42.111,854885,2125.621,COG,178
Cote d'Ivoire,Africa,1952,40.477,2977019,1388.595,CIV,384
Djibouti,Africa,1952,34.812,63149,2669.529,DJI,262
Egypt,Africa,1952,41.893,22223309,1418.822,EGY,818
Equatorial Guinea,Africa,1952,34.482,216964,375.643,GNQ,226
Eritrea,Africa,1952,35.928,1438760,328.941,ERI,232
Ethiopia,Africa,1952,34.078,20860941,362.146,ETH,231
Gabon,Africa,1952,37.003,420702,4293.476,GAB,266
Gambia,Africa,1952,30.0,284320,485.231,GMB,270
Ghana,Africa,1952,43.149,5581001,911.299,GHA,288
Guinea,Africa,1952,33.609,2664249,510.196,GIN,324
Guinea-Bissau,Africa,1952,32.5,580653,299.85,GNB,624
Kenya,Africa,1952,42.27,6464046,853.541,KEN,404
Lesotho,Africa,1952,42.138,748747,298.846,LSO,426
Liberia,Africa,1952,38.48,863308,575.573,LBR,430
Libya,Africa,1952,42.723,1019729,2387.548,LBY,434
Madagascar,Africa,1952,36.681,4762912,1443.012,MDG,450
Malawi,Africa,1952,36.256,2917802,369.165,MWI,454
Mali,Africa,1952,33.685,3838168,452.337,MLI,466
Mauritania,Africa,1952,40.543,1022556,743.116,MRT,478
Mauritius,Africa,1952,50.986,516556,1967.956,MUS,480
Morocco,Africa,1952,42.873,9939217,1688.204,MAR,504
Mozambique,Africa,1952,31.286,6446316,468.526,MOZ,508
Namibia,Africa,1952,41.725,485831,2423.78,NAM,516
Niger,Africa,1952,37.444,3379468,761.879,NER,562
Nigeria,Africa,1952,36.324,33119096,1077.282,NGA,566
Reunion,Africa,1952,52.724,257700,2718.885,REU,638
Rwanda,Africa,1952,40.0,2534927,493.324,RWA,646
Sao Tome and Principe,Africa,1952,46.471,60011,879.584,STP,678
Senegal,Africa,1952,37.278,2755589,1450.357,SEN,686
Sierra Leone,Africa,1952,30.331,2143249,879.788,SLE,694
Somalia,Africa,1952,32.978,2526994,1135.75,SOM,706
South Africa,Africa,1952,45.009,14264935,4725.296,ZAF,710
Sudan,Africa,1952,38.635,8504667,1615.991,SDN,736
Swaziland,Africa,1952,41.407,290243,1148.377,SWZ,748
Tanzania,Africa,1952,41.215,8322925,716.65,TZA,834
Togo,Africa,1952,38.596,1219113,859.809,TGO,768
Tunisia,Africa,1952,44.6,3647735,1468.476,TUN,788
Uganda,Africa,1952,39.978,5824797,734.753,UGA,800
Zambia,Africa,1952,42.038,2672000,1147.389,ZMB,894
Zimbabwe,Africa,1952,48.451,3080907,406.884,ZWE,716
Argentina,Americas,1952,62.485,17876956,5911.315,ARG,32
Bolivia,Americas,1952,40.414,2883315,2677.326,BOL,68
Brazil,Americas,1952,50.917,56602560,2108.944,BRA,76
Canada,Americas,1952,68.75,14785584,11367.161,CAN,124
Chile,Americas,1952,54.745,6377619,3939.979,CHL,152
Colombia,Americas,1952,50.643,12350771,2144.115,COL,170
Costa Rica,Americas,1952,57.206,926317,2627.009,CRI,188
Cuba,Americas,1952,59.421,6007797,5586.539,CUB,192
Dominican Republic,Americas,1952,45.928,2491346,1397.717,DOM,214
Ecuador,Americas,1952,48.357,3548753,3522.111,ECU,218
El Salvador,Americas,1952,45.262,2042865,3048.303,SLV,222
Guatemala,Americas,1952,42.023,3146381,2428.238,GTM,320
Haiti,Americas,1952,37.579,3201488,1840.367,HTI,332
Honduras,Americas,1952,41.912,1517453,2194.926,HND,340
Jamaica,Americas,1952,58.53,1426095,2898.531,JAM,388
Mexico,Americas,1952,50.789,30144317,3478.126,MEX,484
Nicaragua,Americas,1952,42.314,1165790,3112.364,NIC,558
Panama,Americas,1952,55.191,940080,2480.38,PAN,591
Paraguay,Americas,1952,62.649,1555876,1952.309,PRY,600
Peru,Americas,1952,43.902,8025700,3758.523,PER,604
Puerto Rico,Americas,1952,64.28,2227000,3081.96,PRI,630
Trinidad and Tobago,Americas,1952,59.1,662850,3023.272,TTO,780
United States,Americas,1952,68.44,157553000,13990.482,USA,840
Uruguay,Americas,1952,66.071,2252965,5716.767,URY,858
Venezuela,Americas,1952,55.088,5439568,7689.8,VEN,862
Afghanistan,Asia,1952,28.801,8425333,779.445,AFG,4
Bahrain,Asia,1952,50.939,120447,9867.085,BHR,48
Bangladesh,Asia,1952,37.484,46886859,684.244,BGD,50
Cambodia,Asia,1952,39.417,4693836,368.469,KHM,116
China,Asia,1952,44.0,556263527,400.449,CHN,156
"Hong Kong, China",Asia,1952,60.96,2125900,3054.421,HKG,344
India,Asia,1952,37.373,372000000,546.566,IND,356
Indonesia,Asia,1952,37.468,82052000,749.682,IDN,360
Iran,Asia,1952,44.869,17272000,3035.326,IRN,364
Iraq,Asia,1952,45.32,5441766,4129.766,IRQ,368
Israel,Asia,1952,65.39,1620914,4086.522,ISR,376
Japan,Asia,1952,63.03,86459025,3216.956,JPN,392
Jordan,Asia,1952,43.158,607914,1546.908,JOR,400
"Korea, Dem. Rep.",Asia,1952,50.056,8865488,1088.278,KOR,410
"Korea, Rep.",Asia,1952,47.453,20947571,1030.592,KOR,410
Kuwait,Asia,1952,55.565,160000,108382.353,KWT,414
Lebanon,Asia,1952,55.928,1439529,4834.804,LBN,422
Malaysia,Asia,1952,48.463,6748378,1831.133,MYS,458
Mongolia,Asia,1952,42.244,800663,786.567,MNG,496
Myanmar,Asia,1952,36.319,20092996,331.0,MMR,104
Nepal,Asia,1952,36.157,9182536,545.866,NPL,524
Oman,Asia,1952,37.578,507833,1828.23,OMN,512
Pakistan,Asia,1952,43.436,41346560,684.597,PAK,586
Philippines,Asia,1952,47.752,22438691,1272.881,PHL,608
Saudi Arabia,Asia,1952,39.875,4005677,6459.555,SAU,682
Singapore,Asia,1952,60.396,1127000,2315.138,SGP,702
Sri Lanka,Asia,1952,57.593,7982342,1083.532,LKA,144
Syria,Asia,1952,45.883,3661549,1643.485,SYR,760
Taiwan,Asia,1952,58.5,8550362,1206.948,TWN,158
Thailand,Asia,1952,50.848,21289402,757.797,THA,764
Vietnam,Asia,1952,40.412,26246839,605.066,VNM,704
West Bank and Gaza,Asia,1952,43.16,1030585,1515.592,PSE,275
"Yemen, Rep.",Asia,1952,32.548,4963829,781.718,YEM,887
Albania,Europe,1952,55.23,1282697,1601.056,ALB,8
Austria,Europe,1952,66.8,6927772,6137.076,AUT,40
Belgium,Europe,1952,68.0,8730405,8343.105,BEL,56
Bosnia and Herzegovina,Europe,1952,53.82,2791000,973.533,BIH,70
Bulgaria,Europe,1952,59.6,7274900,2444.287,BGR,100
Croatia,Europe,1952,61.21,3882229,3119.237,HRV,191
Czech Republic,Europe,1952,66.87,9125183,6876.14,CZE,203
Denmark,Europe,1952,70.78,4334000,9692.385,DNK,208
Finland,Europe,1952,66.55,4090500,6424.519,FIN,246
France,Europe,1952,67.41,42459667,7029.809,FRA,250
Germany,Europe,1952,67.5,69145952,7144.114,DEU,276
Greece,Europe,1952,65.86,7733250,3530.69,GRC,300
Hungary,Europe,1952,64.03,9504000,5263.674,HUN,348
Iceland,Europe,1952,72.49,147962,7267.688,ISL,352
Ireland,Europe,1952,66.91,2952156,5210.28,IRL,372
Italy,Europe,1952,65.94,47666000,4931.404,ITA,380
Montenegro,Europe,1952,59.164,413834,2647.586,MNE,499
Netherlands,Europe,1952,72.13,10381988,8941.572,NLD,528
Norway,Europe,1952,72.67,3327728,10095.422,NOR,578
Poland,Europe,1952,61.31,25730551,4029.33,POL,616
Portugal,Europe,1952,59.82,8526050,3068.32,PRT,620
Romania,Europe,1952,61.05,16630000,3144.613,ROU,642
Serbia,Europe,1952,57.996,6860147,3581.459,SRB,688
Slovak Republic,Europe,1952,64.36,3558137,5074.659,SVK,703
Slovenia,Europe,1952,65.57,1489518,4215.042,SVN,705
Spain,Europe,1952,64.94,28549870,3834.035,ESP,724
Sweden,Europe,1952,71.86,7124673,8527.845,SWE,752
Switzerland,Europe,1952,69.62,4815000,14734.233,CHE,756
Turkey,Europe,1952,43.585,22235677,1969.101,TUR,792
United Kingdom,Europe,1952,69.18,50430000,9979.508,GBR,826
Australia,Oceania,1952,69.12,8691212,10039.596,AUS,36
New Zealand,Oceania,1952,69.39,1994794,10556.576,NZL,554
Algeria,Africa,1957,45.685,10270856,3013.976,DZA,12
Angola,Africa,1957,31.999,4561361,3827.94,AGO,24
Benin,Africa,1957,40.358,1925173,959.601,BEN,204
Botswana,Africa,1957,49.618,474639,918.233,BWA,72
Burkina Faso,Africa,1957,34.906,4713416,617.183,BFA,854
Burundi,Africa,1957,40.533,2667518,379.565,BDI,108
Cameroon,Africa,1957,40.428,5359923,1313.048,CMR,120
Central African Republic,Africa,1957,37.464,1392284,1190.844,CAF,140
Chad,Africa,1957,39.881,2894855,1308.496,TCD,148
Comoros,Africa,1957,42.46,170928,1211.149,COM,174
"Congo, Dem. Rep.",Africa,1957,40.652,15577932,905.86,COD,180
"Congo, Rep.",Africa,1957,45.053,940458,2315.057,COG,178
Cote d'Ivoire,Africa,1957,42.469,3300000,1500.896,CIV,384
Djibouti,Africa,1957,37.328,71851,2864.969,DJI,262
Egypt,Africa,1957,44.444,25009741,1458.915,EGY,818
Equatorial Guinea,Africa,1957,35.983,232922,426.096,GNQ,226
Eritrea,Africa,1957,38.047,1542611,344.162,ERI,232
Ethiopia,Africa,1957,36.667,22815614,378.904,ETH,231
Gabon,Africa,1957,38.999,434904,4976.198,GAB,266
Gambia,Africa,1957,32.065,323150,520.927,GMB,270
Ghana,Africa,1957,44.779,6391288,1043.562,GHA,288
Guinea,Africa,1957,34.558,2876726,576.267,GIN,324
Guinea-Bissau,Africa,1957,33.489,601095,431.79,GNB,624
Kenya,Africa,1957,44.686,7454779,944.438,KEN,404
Lesotho,Africa,1957,45.047,813338,335.997,LSO,426
Liberia,Africa,1957,39.486,975950,620.97,LBR,430
Libya,Africa,1957,45.289,1201578,3448.284,LBY,434
Madagascar,Africa,1957,38.865,5181679,1589.203,MDG,450
Malawi,Africa,1957,37.207,3221238,416.37,MWI,454
Mali,Africa,1957,35.307,4241884,490.382,MLI,466
Mauritania,Africa,1957,42.338,1076852,846.12,MRT,478
Mauritius,Africa,1957,58.089,609816,2034.038,MUS,480
Morocco,Africa,1957,45.423,11406350,1642.002,MAR,504
Mozambique,Africa,1957,33.779,7038035,495.587,MOZ,508
Namibia,Africa,1957,45.226,548080,2621.448,NAM,516
Niger,Africa,1957,38.598,3692184,835.523,NER,562
Nigeria,Africa,1957,37.802,37173340,1100.593,NGA,566
Reunion,Africa,1957,55.09,308700,2769.452,REU,638
Rwanda,Africa,1957,41.5,2822082,540.289,RWA,646
Sao Tome and Principe,Africa,1957,48.945,61325,860.737,STP,678
Senegal,Africa,1957,39.329,3054547,1567.653,SEN,686
Sierra Leone,Africa,1957,31.57,2295678,1004.484,SLE,694
Somalia,Africa,1957,34.977,2780415,1258.147,SOM,706
South Africa,Africa,1957,47.985,16151549,5487.104,ZAF,710
Sudan,Africa,1957,39.624,9753392,1770.337,SDN,736
Swaziland,Africa,1957,43.424,326741,1244.708,SWZ,748
Tanzania,Africa,1957,42.974,9452826,698.536,TZA,834
Togo,Africa,1957,41.208,1357445,925.908,TGO,768
Tunisia,Africa,1957,47.1,3950849,1395.232,TUN,788
Uganda,Africa,1957,42.571,6675501,774.371,UGA,800
Zambia,Africa,1957,44.077,3016000,1311.957,ZMB,894
Zimbabwe,Africa,1957,50.469,3646340,518.764,ZWE,716
Argentina,Americas,1957,64.399,19610538,6856.856,ARG,32
Bolivia,Americas,1957,41.89,3211738,2127.686,BOL,68
Brazil,Americas,1957,53.285,65551171,2487.366,BRA,76
Canada,Americas,1957,69.96,17010154,12489.95,CAN,124
Chile,Americas,1957,56.074,7048426,4315.623,CHL,152
Colombia,Americas,1957,55.118,14485993,2323.806,COL,170
Costa Rica,Americas,1957,60.026,1112300,2990.011,CRI,188
Cuba,Americas,1957,62.325,6640752,6092.174,CUB,192
Dominican Republic,Americas,1957,49.828,2923186,1544.403,DOM,214
Ecuador,Americas,1957,51.356,4058385,3780.547,ECU,218
El Salvador,Americas,1957,48.57,2355805,3421.523,SLV,222
Guatemala,Americas,1957,44.142,3640876,2617.156,GTM,320
Haiti,Americas,1957,40.696,3507701,1726.888,HTI,332
Honduras,Americas,1957,44.665,1770390,2220.488,HND,340
Jamaica,Americas,1957,62.61,1535090,4756.526,JAM,388
Mexico,Americas,1957,55.19,35015548,4131.547,MEX,484
Nicaragua,Americas,1957,45.432,1358828,3457.416,NIC,558
Panama,Americas,1957,59.201,1063506,2961.801,PAN,591
Paraguay,Americas,1957,63.196,1770902,2046.155,PRY,600
Peru,Americas,1957,46.263,9146100,4245.257,PER,604
Puerto Rico,Americas,1957,68.54,2260000,3907.156,PRI,630
Trinidad and Tobago,Americas,1957,61.8,764900,4100.393,TTO,780
United States,Americas,1957,69.49,171984000,14847.127,USA,840
Uruguay,Americas,1957,67.044,2424959,6150.773,URY,858
Venezuela,Americas,1957,57.907,6702668,9802.467,VEN,862
Afghanistan,Asia,1957,30.332,9240934,820.853,AFG,4
Bahrain,Asia,1957,53.832,138655,11635.799,BHR,48
Bangladesh,Asia,1957,39.348,51365468,661.637,BGD,50
Cambodia,Asia,1957,41.366,5322536,434.038,KHM,116
China,Asia,1957,50.549,637408000,575.987,CHN,156
"Hong Kong, China",Asia,1957,64.75,2736300,3629.076,HKG,344
India,Asia,1957,40.249,409000000,590.062,IND,356
Indonesia,Asia,1957,39.918,90124000,858.9,IDN,360
Iran,Asia,1957,47.181,19792000,3290.258,IRN,364
Iraq,Asia,1957,48.437,6248643,6229.334,IRQ,368
Israel,Asia,1957,67.84,1944401,5385.278,ISR,376
Japan,Asia,1957,65.5,91563009,4317.694,JPN,392
Jordan,Asia,1957,45.669,746559,1886.081,JOR,400
"Korea, Dem. Rep.",Asia,1957,54.081,9411381,1571.135,KOR,410
"Korea, Rep.",Asia,1957,52.681,22611552,1487.594,KOR,410
Kuwait,Asia,1957,58.033,212846,113523.133,KWT,414
Lebanon,Asia,1957,59.489,1647412,6089.787,LBN,422
Malaysia,Asia,1957,52.102,7739235,1810.067,MYS,458
Mongolia,Asia,1957,45.248,882134,912.663,MNG,496
Myanmar,Asia,1957,41.905,21731844,350.0,MMR,104
Nepal,Asia,1957,37.686,9682338,597.936,NPL,524
Oman,Asia,1957,40.08,561977,2242.747,OMN,512
Pakistan,Asia,1957,45.557,46679944,747.084,PAK,586
Philippines,Asia,1957,51.334,26072194,1547.945,PHL,608
Saudi Arabia,Asia,1957,42.868,4419650,8157.591,SAU,682
Singapore,Asia,1957,63.179,1445929,2843.104,SGP,702
Sri Lanka,Asia,1957,61.456,9128546,1072.547,LKA,144
Syria,Asia,1957,48.284,4149908,2117.235,SYR,760
Taiwan,Asia,1957,62.4,10164215,1507.861,TWN,158
Thailand,Asia,1957,53.63,25041917,793.577,THA,764
Vietnam,Asia,1957,42.887,28998543,676.285,VNM,704
West Bank and Gaza,Asia,1957,45.671,1070439,1827.068,PSE,275
"Yemen, Rep.",Asia,1957,33.97,5498090,804.83,YEM,887
Albania,Europe,1957,59.28,1476505,1942.284,ALB,8
Austria,Europe,1957,67.48,6965860,8842.598,AUT,40
Belgium,Europe,1957,69.24,8989111,9714.961,BEL,56
Bosnia and Herzegovina,Europe,1957,58.45,3076000,1353.989,BIH,70
Bulgaria,Europe,1957,66.61,7651254,3008.671,BGR,100
Croatia,Europe,1957,64.77,3991242,4338.232,HRV,191
Czech Republic,Europe,1957,69.03,9513758,8256.344,CZE,203
Denmark,Europe,1957,71.81,4487831,11099.659,DNK,208
Finland,Europe,1957,67.49,4324000,7545.415,FIN,246
France,Europe,1957,68.93,44310863,8662.835,FRA,250
Germany,Europe,1957,69.1,71019069,10187.827,DEU,276
Greece,Europe,1957,67.86,8096218,4916.3,GRC,300
Hungary,Europe,1957,66.41,9839000,6040.18,HUN,348
Iceland,Europe,1957,73.47,165110,9244.001,ISL,352
Ireland,Europe,1957,68.9,2878220,5599.078,IRL,372
Italy,Europe,1957,67.81,49182000,6248.656,ITA,380
Montenegro,Europe,1957,61.448,442829,3682.26,MNE,499
Netherlands,Europe,1957,72.99,11026383,11276.193,NLD,528
Norway,Europe,1957,73.44,3491938,11653.973,NOR,578
Poland,Europe,1957,65.77,28235346,4734.253,POL,616
Portugal,Europe,1957,61.51,8817650,3774.572,PRT,620
Romania,Europe,1957,64.1,17829327,3943.37,ROU,642
Serbia,Europe,1957,61.685,7271135,4981.091,SRB,688
Slovak Republic,Europe,1957,67.45,3844277,6093.263,SVK,703
Slovenia,Europe,1957,67.85,1533070,5862.277,SVN,705
Spain,Europe,1957,66.66,29841614,4564.802,ESP,724
Sweden,Europe,1957,72.49,7363802,9911.878,SWE,752
Switzerland,Europe,1957,70.56,5126000,17909.49,CHE,756
Turkey,Europe,1957,48.079,25670939,2218.754,TUR,792
United Kingdom,Europe,1957,70.42,51430000,11283.178,GBR,826
Australia,Oceania,1957,70.33,9712569,10949.65,AUS,36
New Zealand,Oceania,1957,70.26,2229407,12247.395,NZL,554
Algeria,Africa,1962,48.303,11000948,2550.817,DZA,12
Angola,Africa,1962,34.0,4826015,4269.277,AGO,24
Benin,Africa,1962,42.618,2151895,949.499,BEN,204
Botswana,Africa,1962,51.52,512764,983.654,BWA,72
Burkina Faso,Africa,1962,37.814,4919632,722.512,BFA,854
Burundi,Africa,1962,42.045,2961915,355.203,BDI,108
Cameroon,Africa,1962,42.643,5793633,1399.607,CMR,120
Central African Republic,Africa,1962,39.475,1523478,1193.069,CAF,140
Chad,Africa,1962,41.716,3150417,1389.818,TCD,148
Comoros,Africa,1962,44.467,191689,1406.648,COM,174
"Congo, Dem. Rep.",Africa,1962,42.122,17486434,896.315,COD,180
"Congo, Rep.",Africa,1962,48.435,1047924,2464.783,COG,178
Cote d'Ivoire,Africa,1962,44.93,3832408,1728.869,CIV,384
Djibouti,Africa,1962,39.693,89898,3020.989,DJI,262
Egypt,Africa,1962,46.992,28173309,1693.336,EGY,818
Equatorial Guinea,Africa,1962,37.485,249220,582.842,GNQ,226
Eritrea,Africa,1962,40.158,1666618,380.996,ERI,232
Ethiopia,Africa,1962,40.059,25145372,419.456,ETH,231
Gabon,Africa,1962,40.489,455661,6631.459,GAB,266
Gambia,Africa,1962,33.896,374020,599.65,GMB,270
Ghana,Africa,1962,46.452,7355248,1190.041,GHA,288
Guinea,Africa,1962,35.753,3140003,686.374,GIN,324
Guinea-Bissau,Africa,1962,34.488,627820,522.034,GNB,624
Kenya,Africa,1962,47.949,8678557,896.966,KEN,404
Lesotho,Africa,1962,47.747,893143,411.801,LSO,426
Liberia,Africa,1962,40.502,1112796,634.195,LBR,430
Libya,Africa,1962,47.808,1441863,6757.031,LBY,434
Madagascar,Africa,1962,40.848,5703324,1643.387,MDG,450
Malawi,Africa,1962,38.41,3628608,427.901,MWI,454
Mali,Africa,1962,36.936,4690372,496.174,MLI,466
Mauritania,Africa,1962,44.248,1146757,1055.896,MRT,478
Mauritius,Africa,1962,60.246,701016,2529.067,MUS,480
Morocco,Africa,1962,47.924,13056604,1566.353,MAR,504
Mozambique,Africa,1962,36.161,7788944,556.686,MOZ,508
Namibia,Africa,1962,48.386,621392,3173.216,NAM,516
Niger,Africa,1962,39.487,4076008,997.766,NER,562
Nigeria,Africa,1962,39.36,41871351,1150.927,NGA,566
Reunion,Africa,1962,57.666,358900,3173.723,REU,638
Rwanda,Africa,1962,43.0,3051242,597.473,RWA,646
Sao Tome and Principe,Africa,1962,51.893,65345,1071.551,STP,678
Senegal,Africa,1962,41.454,3430243,1654.989,SEN,686
Sierra Leone,Africa,1962,32.767,2467895,1116.64,SLE,694
Somalia,Africa,1962,36.981,3080153,1369.488,SOM,706
South Africa,Africa,1962,49.951,18356657,5768.73,ZAF,710
Sudan,Africa,1962,40.87,11183227,1959.594,SDN,736
Swaziland,Africa,1962,44.992,370006,1856.182,SWZ,748
Tanzania,Africa,1962,44.246,10863958,722.004,TZA,834
Togo,Africa,1962,43.922,1528098,1067.535,TGO,768
Tunisia,Africa,1962,49.579,4286552,1660.303,TUN,788
Uganda,Africa,1962,45.344,7688797,767.272,UGA,800
Zambia,Africa,1962,46.023,3421000,1452.726,ZMB,894
Zimbabwe,Africa,1962,52.358,4277736,527.272,ZWE,716
Argentina,Americas,1962,65.142,21283783,7133.166,ARG,32
Bolivia,Americas,1962,43.428,3593918,2180.973,BOL,68
Brazil,Americas,1962,55.665,76039390,3336.586,BRA,76
Canada,Americas,1962,71.3,18985849,13462.486,CAN,124
Chile,Americas,1962,57.924,7961258,4519.094,CHL,152
Colombia,Americas,1962,57.863,17009885,2492.351,COL,170
Costa Rica,Americas,1962,62.842,1345187,3460.937,CRI,188
Cuba,Americas,1962,65.246,7254373,5180.756,CUB,192
Dominican Republic,Americas,1962,53.459,3453434,1662.137,DOM,214
Ecuador,Americas,1962,54.64,4681707,4086.114,ECU,218
El Salvador,Americas,1962,52.307,2747687,3776.804,SLV,222
Guatemala,Americas,1962,46.954,4208858,2750.364,GTM,320
Haiti,Americas,1962,43.59,3880130,1796.589,HTI,332
Honduras,Americas,1962,48.041,2090162,2291.157,HND,340
Jamaica,Americas,1962,65.61,1665128,5246.108,JAM,388
Mexico,Americas,1962,58.299,41121485,4581.609,MEX,484
Nicaragua,Americas,1962,48.632,1590597,3634.364,NIC,558
Panama,Americas,1962,61.817,1215725,3536.54,PAN,591
Paraguay,Americas,1962,64.361,2009813,2148.027,PRY,600
Peru,Americas,1962,49.096,10516500,4957.038,PER,604
Puerto Rico,Americas,1962,69.62,2448046,5108.345,PRI,630
Trinidad and Tobago,Americas,1962,64.9,887498,4997.524,TTO,780
United States,Americas,1962,70.21,186538000,16173.146,USA,840
Uruguay,Americas,1962,68.253,2598466,5603.358,URY,858
Venezuela,Americas,1962,60.77,8143375,8422.974,VEN,862
Afghanistan,Asia,1962,31.997,10267083,853.101,AFG,4
Bahrain,Asia,1962,56.923,171863,12753.275,BHR,48
Bangladesh,Asia,1962,41.216,56839289,686.342,BGD,50
Cambodia,Asia,1962,43.415,6083619,496.914,KHM,116
China,Asia,1962,44.501,665770000,487.674,CHN,156
"Hong Kong, China",Asia,1962,67.65,3305200,4692.648,HKG,344
India,Asia,1962,43.605,454000000,658.347,IND,356
Indonesia,Asia,1962,42.518,99028000,849.29,IDN,360
Iran,Asia,1962,49.325,22874000,4187.33,IRN,364
Iraq,Asia,1962,51.457,7240260,8341.738,IRQ,368
Israel,Asia,1962,69.39,2310904,7105.631,ISR,376
Japan,Asia,1962,68.73,95831757,6576.649,JPN,392
Jordan,Asia,1962,48.126,933559,2348.009,JOR,400
"Korea, Dem. Rep.",Asia,1962,56.656,10917494,1621.694,KOR,410
"Korea, Rep.",Asia,1962,55.292,26420307,1536.344,KOR,410
Kuwait,Asia,1962,60.47,358266,95458.112,KWT,414
Lebanon,Asia,1962,62.094,1886848,5714.561,LBN,422
Malaysia,Asia,1962,55.737,8906385,2036.885,MYS,458
Mongolia,Asia,1962,48.251,1010280,1056.354,MNG,496
Myanmar,Asia,1962,45.108,23634436,388.0,MMR,104
Nepal,Asia,1962,39.393,10332057,652.397,NPL,524
Oman,Asia,1962,43.165,628164,2924.638,OMN,512
Pakistan,Asia,1962,47.67,53100671,803.343,PAK,586
Philippines,Asia,1962,54.757,30325264,1649.552,PHL,608
Saudi Arabia,Asia,1962,45.914,4943029,11626.42,SAU,682
Singapore,Asia,1962,65.798,1750200,3674.736,SGP,702
Sri Lanka,Asia,1962,62.192,10421936,1074.472,LKA,144
Syria,Asia,1962,50.305,4834621,2193.037,SYR,760
Taiwan,Asia,1962,65.2,11918938,1822.879,TWN,158
Thailand,Asia,1962,56.061,29263397,1002.199,THA,764
Vietnam,Asia,1962,45.363,33796140,772.049,VNM,704
West Bank and Gaza,Asia,1962,48.127,1133134,2198.956,PSE,275
"Yemen, Rep.",Asia,1962,35.18,6120081,825.623,YEM,887
Albania,Europe,1962,64.82,1728137,2312.889,ALB,8
Austria,Europe,1962,69.54,7129864,10750.721,AUT,40
Belgium,Europe,1962,70.25,9218400,10991.207,BEL,56
Bosnia and Herzegovina,Europe,1962,61.93,3349000,1709.684,BIH,70
Bulgaria,Europe,1962,69.51,8012946,4254.338,BGR,100
Croatia,Europe,1962,67.13,4076557,5477.89,HRV,191
Czech Republic,Europe,1962,69.9,9620282,10136.867,CZE,203
Denmark,Europe,1962,72.35,4646899,13583.314,DNK,208
Finland,Europe,1962,68.75,4491443,9371.843,FIN,246
France,Europe,1962,70.51,47124000,10560.486,FRA,250
Germany,Europe,1962,70.3,73739117,12902.463,DEU,276
Greece,Europe,1962,69.51,8448233,6017.191,GRC,300
Hungary,Europe,1962,67.96,10063000,7550.36,HUN,348
Iceland,Europe,1962,73.68,182053,10350.159,ISL,352
Ireland,Europe,1962,70.29,2830000,6631.597,IRL,372
Italy,Europe,1962,69.24,50843200,8243.582,ITA,380
Montenegro,Europe,1962,63.728,474528,4649.594,MNE,499
Netherlands,Europe,1962,73.23,11805689,12790.85,NLD,528
Norway,Europe,1962,73.47,3638919,13450.402,NOR,578
Poland,Europe,1962,67.64,30329617,5338.752,POL,616
Portugal,Europe,1962,64.39,9019800,4727.955,PRT,620
Romania,Europe,1962,66.8,18680721,4734.998,ROU,642
Serbia,Europe,1962,64.531,7616060,6289.629,SRB,688
Slovak Republic,Europe,1962,70.33,4237384,7481.108,SVK,703
Slovenia,Europe,1962,69.15,1582962,7402.303,SVN,705
Spain,Europe,1962,69.69,31158061,5693.844,ESP,724
Sweden,Europe,1962,73.37,7561588,12329.442,SWE,752
Switzerland,Europe,1962,71.32,5666000,20431.093,CHE,756
Turkey,Europe,1962,52.098,29788695,2322.87,TUR,792
United Kingdom,Europe,1962,70.76,53292000,12477.177,GBR,826
Australia,Oceania,1962,70.93,10794968,12217.227,AUS,36
New Zealand,Oceania,1962,71.24,2488550,13175.678,NZL,554
Algeria,Africa,1967,51.407,12760499,3246.992,DZA,12
Angola,Africa,1967,35.985,5247469,5522.776,AGO,24
Benin,Africa,1967,44.885,2427334,1035.831,BEN,204
Botswana,Africa,1967,53.298,553541,1214.709,BWA,72
Burkina Faso,Africa,1967,40.697,5127935,794.827,BFA,854
Burundi,Africa,1967,43.548,3330989,412.978,BDI,108
Cameroon,Africa,1967,44.799,6335506,1508.453,CMR,120
Central African Republic,Africa,1967,41.478,1733638,1136.057,CAF,140
Chad,Africa,1967,43.601,3495967,1196.811,TCD,148
Comoros,Africa,1967,46.472,217378,1876.03,COM,174
"Congo, Dem. Rep.",Africa,1967,44.056,19941073,861.593,COD,180
"Congo, Rep.",Africa,1967,52.04,1179760,2677.94,COG,178
Cote d'Ivoire,Africa,1967,47.35,4744870,2052.05,CIV,384
Djibouti,Africa,1967,42.074,127617,3020.051,DJI,262
Egypt,Africa,1967,49.293,31681188,1814.881,EGY,818
Equatorial Guinea,Africa,1967,38.987,259864,915.596,GNQ,226
Eritrea,Africa,1967,42.189,1820319,468.795,ERI,232
Ethiopia,Africa,1967,42.115,27860297,516.119,ETH,231
Gabon,Africa,1967,44.598,489004,8358.762,GAB,266
Gambia,Africa,1967,35.857,439593,734.783,GMB,270
Ghana,Africa,1967,48.072,8490213,1125.697,GHA,288
Guinea,Africa,1967,37.197,3451418,708.76,GIN,324
Guinea-Bissau,Africa,1967,35.492,601287,715.581,GNB,624
Kenya,Africa,1967,50.654,10191512,1056.736,KEN,404
Lesotho,Africa,1967,48.492,996380,498.639,LSO,426
Liberia,Africa,1967,41.536,1279406,713.604,LBR,430
Libya,Africa,1967,50.227,1759224,18772.752,LBY,434
Madagascar,Africa,1967,42.881,6334556,1634.047,MDG,450
Malawi,Africa,1967,39.487,4147252,495.515,MWI,454
Mali,Africa,1967,38.487,5212416,545.01,MLI,466
Mauritania,Africa,1967,46.289,1230542,1421.145,MRT,478
Mauritius,Africa,1967,61.557,789309,2475.388,MUS,480
Morocco,Africa,1967,50.335,14770296,1711.045,MAR,504
Mozambique,Africa,1967,38.113,8680909,566.669,MOZ,508
Namibia,Africa,1967,51.159,706640,3793.695,NAM,516
Niger,Africa,1967,40.118,4534062,1054.385,NER,562
Nigeria,Africa,1967,41.04,47287752,1014.514,NGA,566
Reunion,Africa,1967,60.542,414024,4021.176,REU,638
Rwanda,Africa,1967,44.1,3451079,510.964,RWA,646
Sao Tome and Principe,Africa,1967,54.425,70787,1384.841,STP,678
Senegal,Africa,1967,43.563,3965841,1612.405,SEN,686
Sierra Leone,Africa,1967,34.113,2662190,1206.043,SLE,694
Somalia,Africa,1967,38.977,3428839,1284.733,SOM,706
South Africa,Africa,1967,51.927,20997321,7114.478,ZAF,710
Sudan,Africa,1967,42.858,12716129,1687.998,SDN,736
Swaziland,Africa,1967,46.633,420690,2613.102,SWZ,748
Tanzania,Africa,1967,45.757,12607312,848.219,TZA,834
Togo,Africa,1967,46.769,1735550,1477.597,TGO,768
Tunisia,Africa,1967,52.053,4786986,1932.36,TUN,788
Uganda,Africa,1967,48.051,8900294,908.919,UGA,800
Zambia,Africa,1967,47.768,3900000,1777.077,ZMB,894
Zimbabwe,Africa,1967,53.995,4995432,569.795,ZWE,716
Argentina,Americas,1967,65.634,22934225,8052.953,ARG,32
Bolivia,Americas,1967,45.032,4040665,2586.886,BOL,68
Brazil,Americas,1967,57.632,88049823,3429.864,BRA,76
Canada,Americas,1967,72.13,20819767,16076.588,CAN,124
Chile,Americas,1967,60.523,8858908,5106.654,CHL,152
Colombia,Americas,1967,59.963,19764027,2678.73,COL,170
Costa Rica,Americas,1967,65.424,1588717,4161.728,CRI,188
Cuba,Americas,1967,68.29,8139332,5690.268,CUB,192
Dominican Republic,Americas,1967,56.751,4049146,1653.723,DOM,214
Ecuador,Americas,1967,56.678,5432424,4579.074,ECU,218
El Salvador,Americas,1967,55.855,3232927,4358.595,SLV,222
Guatemala,Americas,1967,50.016,4690773,3242.531,GTM,320
Haiti,Americas,1967,46.243,4318137,1452.058,HTI,332
Honduras,Americas,1967,50.924,2500689,2538.269,HND,340
Jamaica,Americas,1967,67.51,1861096,6124.703,JAM,388
Mexico,Americas,1967,60.11,47995559,5754.734,MEX,484
Nicaragua,Americas,1967,51.884,1865490,4643.394,NIC,558
Panama,Americas,1967,64.071,1405486,4421.009,PAN,591
Paraguay,Americas,1967,64.951,2287985,2299.376,PRY,600
Peru,Americas,1967,51.445,12132200,5788.093,PER,604
Puerto Rico,Americas,1967,71.1,2648961,6929.278,PRI,630
Trinidad and Tobago,Americas,1967,65.4,960155,5621.368,TTO,780
United States,Americas,1967,70.76,198712000,19530.366,USA,840
Uruguay,Americas,1967,68.468,2748579,5444.62,URY,858
Venezuela,Americas,1967,63.479,9709552,9541.474,VEN,862
Afghanistan,Asia,1967,34.02,11537966,836.197,AFG,4
Bahrain,Asia,1967,59.923,202182,14804.673,BHR,48
Bangladesh,Asia,1967,43.453,62821884,721.186,BGD,50
Cambodia,Asia,1967,45.415,6960067,523.432,KHM,116
China,Asia,1967,58.381,754550000,612.706,CHN,156
"Hong Kong, China",Asia,1967,70.0,3722800,6197.963,HKG,344
India,Asia,1967,47.193,506000000,700.771,IND,356
Indonesia,Asia,1967,45.964,109343000,762.432,IDN,360
Iran,Asia,1967,52.469,26538000,5906.732,IRN,364
Iraq,Asia,1967,54.459,8519282,8931.46,IRQ,368
Israel,Asia,1967,70.75,2693585,8393.741,ISR,376
Japan,Asia,1967,71.43,100825279,9847.789,JPN,392
Jordan,Asia,1967,51.629,1255058,2741.796,JOR,400
"Korea, Dem. Rep.",Asia,1967,59.942,12617009,2143.541,KOR,410
"Korea, Rep.",Asia,1967,57.716,30131000,2029.228,KOR,410
Kuwait,Asia,1967,64.624,575003,80894.883,KWT,414
Lebanon,Asia,1967,63.87,2186894,6006.983,LBN,422
Malaysia,Asia,1967,59.371,10154878,2277.742,MYS,458
Mongolia,Asia,1967,51.253,1149500,1226.041,MNG,496
Myanmar,Asia,1967,49.379,25870271,349.0,MMR,104
Nepal,Asia,1967,41.472,11261690,676.442,NPL,524
Oman,Asia,1967,46.988,714775,4720.943,OMN,512
Pakistan,Asia,1967,49.8,60641899,942.408,PAK,586
Philippines,Asia,1967,56.393,35356600,1814.127,PHL,608
Saudi Arabia,Asia,1967,49.901,5618198,16903.049,SAU,682
Singapore,Asia,1967,67.946,1977600,4977.419,SGP,702
Sri Lanka,Asia,1967,64.266,11737396,1135.514,LKA,144
Syria,Asia,1967,53.655,5680812,1881.924,SYR,760
Taiwan,Asia,1967,67.5,13648692,2643.859,TWN,158
Thailand,Asia,1967,58.285,34024249,1295.461,THA,764
Vietnam,Asia,1967,47.838,39463910,637.123,VNM,704
West Bank and Gaza,Asia,1967,51.631,1142636,2649.715,PSE,275
"Yemen, Rep.",Asia,1967,36.984,6740785,862.442,YEM,887
Albania,Europe,1967,66.22,1984060,2760.197,ALB,8
Austria,Europe,1967,70.14,7376998,12834.602,AUT,40
Belgium,Europe,1967,70.94,9556500,13149.041,BEL,56
Bosnia and Herzegovina,Europe,1967,64.79,3585000,2172.352,BIH,70
Bulgaria,Europe,1967,70.42,8310226,5577.003,BGR,100
Croatia,Europe,1967,68.5,4174366,6960.298,HRV,191
Czech Republic,Europe,1967,70.38,9835109,11399.445,CZE,203
Denmark,Europe,1967,72.96,4838800,15937.211,DNK,208
Finland,Europe,1967,69.83,4605744,10921.636,FIN,246
France,Europe,1967,71.55,49569000,12999.918,FRA,250
Germany,Europe,1967,70.8,76368453,14745.626,DEU,276
Greece,Europe,1967,71.0,8716441,8513.097,GRC,300
Hungary,Europe,1967,69.5,10223422,9326.645,HUN,348
Iceland,Europe,1967,73.73,198676,13319.896,ISL,352
Ireland,Europe,1967,71.08,2900100,7655.569,IRL,372
Italy,Europe,1967,71.06,52667100,10022.401,ITA,380
Montenegro,Europe,1967,67.178,501035,5907.851,MNE,499
Netherlands,Europe,1967,73.82,12596822,15363.251,NLD,528
Norway,Europe,1967,74.08,3786019,16361.876,NOR,578
Poland,Europe,1967,69.61,31785378,6557.153,POL,616
Portugal,Europe,1967,66.6,9103000,6361.518,PRT,620
Romania,Europe,1967,66.8,19284814,6470.867,ROU,642
Serbia,Europe,1967,66.914,7971222,7991.707,SRB,688
Slovak Republic,Europe,1967,70.98,4442238,8412.902,SVK,703
Slovenia,Europe,1967,69.18,1646912,9405.489,SVN,705
Spain,Europe,1967,71.44,32850275,7993.512,ESP,724
Sweden,Europe,1967,74.16,7867931,15258.297,SWE,752
Switzerland,Europe,1967,72.77,6063000,22966.144,CHE,756
Turkey,Europe,1967,54.336,33411317,2826.356,TUR,792
United Kingdom,Europe,1967,71.36,54959000,14142.851,GBR,826
Australia,Oceania,1967,71.1,11872264,14526.125,AUS,36
New Zealand,Oceania,1967,71.52,2728150,14463.919,NZL,554
Algeria,Africa,1972,54.518,14760787,4182.664,DZA,12
Angola,Africa,1972,37.928,5894858,5473.288,AGO,24
Benin,Africa,1972,47.014,2761407,1085.797,BEN,204
Botswana,Africa,1972,56.024,619351,2263.611,BWA,72
Burkina Faso,Africa,1972,43.591,5433886,854.736,BFA,854
Burundi,Africa,1972,44.057,3529983,464.1,BDI,108
Cameroon,Africa,1972,47.049,7021028,1684.147,CMR,120
Central African Republic,Africa,1972,43.457,1927260,1070.013,CAF,140
Chad,Africa,1972,45.569,3899068,1104.104,TCD,148
Comoros,Africa,1972,48.944,250027,1937.578,COM,174
"Congo, Dem. Rep.",Africa,1972,45.989,23007669,904.896,COD,180
"Congo, Rep.",Africa,1972,54.907,1340458,3213.153,COG,178
Cote d'Ivoire,Africa,1972,49.801,6071696,2378.201,CIV,384
Djibouti,Africa,1972,44.366,178848,3694.212,DJI,262
Egypt,Africa,1972,51.137,34807417,2024.008,EGY,818
Equatorial Guinea,Africa,1972,40.516,277603,672.412,GNQ,226
Eritrea,Africa,1972,44.142,2260187,514.324,ERI,232
Ethiopia,Africa,1972,43.515,30770372,566.244,ETH,231
Gabon,Africa,1972,48.69,537977,11401.948,GAB,266
Gambia,Africa,1972,38.308,517101,756.087,GMB,270
Ghana,Africa,1972,49.875,9354120,1178.224,GHA,288
Guinea,Africa,1972,38.842,3811387,741.666,GIN,324
Guinea-Bissau,Africa,1972,36.486,625361,820.225,GNB,624
Kenya,Africa,1972,53.559,12044785,1222.36,KEN,404
Lesotho,Africa,1972,49.767,1116779,496.582,LSO,426
Liberia,Africa,1972,42.614,1482628,803.005,LBR,430
Libya,Africa,1972,52.773,2183877,21011.497,LBY,434
Madagascar,Africa,1972,44.851,7082430,1748.563,MDG,450
Malawi,Africa,1972,41.766,4730997,584.622,MWI,454
Mali,Africa,1972,39.977,5828158,581.369,MLI,466
Mauritania,Africa,1972,48.437,1332786,1586.852,MRT,478
Mauritius,Africa,1972,62.944,851334,2575.484,MUS,480
Morocco,Africa,1972,52.862,16660670,1930.195,MAR,504
Mozambique,Africa,1972,40.328,9809596,724.918,MOZ,508
Namibia,Africa,1972,53.867,821782,3746.081,NAM,516
Niger,Africa,1972,40.546,5060262,954.209,NER,562
Nigeria,Africa,1972,42.821,53740085,1698.389,NGA,566
Reunion,Africa,1972,64.274,461633,5047.659,REU,638
Rwanda,Africa,1972,44.6,3992121,590.581,RWA,646
Sao Tome and Principe,Africa,1972,56.48,76595,1532.985,STP,678
Senegal,Africa,1972,45.815,4588696,1597.712,SEN,686
Sierra Leone,Africa,1972,35.4,2879013,1353.76,SLE,694
Somalia,Africa,1972,40.973,3840161,1254.576,SOM,706
South Africa,Africa,1972,53.696,23935810,7765.963,ZAF,710
Sudan,Africa,1972,45.083,14597019,1659.653,SDN,736
Swaziland,Africa,1972,49.552,480105,3364.837,SWZ,748
Tanzania,Africa,1972,47.62,14706593,915.985,TZA,834
Togo,Africa,1972,49.759,2056351,1649.66,TGO,768
Tunisia,Africa,1972,55.602,5303507,2753.286,TUN,788
Uganda,Africa,1972,51.016,10190285,950.736,UGA,800
Zambia,Africa,1972,50.107,4506497,1773.498,ZMB,894
Zimbabwe,Africa,1972,55.635,5861135,799.362,ZWE,716
Argentina,Americas,1972,67.065,24779799,9443.039,ARG,32
Bolivia,Americas,1972,46.714,4565872,2980.331,BOL,68
Brazil,Americas,1972,59.504,100840058,4985.711,BRA,76
Canada,Americas,1972,72.88,22284500,18970.571,CAN,124
Chile,Americas,1972,63.441,9717524,5494.024,CHL,152
Colombia,Americas,1972,61.623,22542890,3264.66,COL,170
Costa Rica,Americas,1972,67.849,1834796,5118.147,CRI,188
Cuba,Americas,1972,70.723,8831348,5305.445,CUB,192
Dominican Republic,Americas,1972,59.631,4671329,2189.874,DOM,214
Ecuador,Americas,1972,58.796,6298651,5280.995,ECU,218
El Salvador,Americas,1972,58.207,3790903,4520.246,SLV,222
Guatemala,Americas,1972,53.738,5149581,4031.408,GTM,320
Haiti,Americas,1972,48.042,4698301,1654.457,HTI,332
Honduras,Americas,1972,53.884,2965146,2529.842,HND,340
Jamaica,Americas,1972,69.0,1997616,7433.889,JAM,388
Mexico,Americas,1972,62.361,55984294,6809.407,MEX,484
Nicaragua,Americas,1972,55.151,2182908,4688.593,NIC,558
Panama,Americas,1972,66.216,1616384,5364.25,PAN,591
Paraguay,Americas,1972,65.815,2614104,2523.338,PRY,600
Peru,Americas,1972,55.448,13954700,5937.827,PER,604
Puerto Rico,Americas,1972,72.16,2847132,9123.042,PRI,630
Trinidad and Tobago,Americas,1972,65.9,975199,6619.551,TTO,780
United States,Americas,1972,71.34,209896000,21806.036,USA,840
Uruguay,Americas,1972,68.673,2829526,5703.409,URY,858
Venezuela,Americas,1972,65.712,11515649,10505.26,VEN,862
Afghanistan,Asia,1972,36.088,13079460,739.981,AFG,4
Bahrain,Asia,1972,63.3,230800,18268.658,BHR,48
Bangladesh,Asia,1972,45.252,70759295,630.234,BGD,50
Cambodia,Asia,1972,40.317,7450606,421.624,KHM,116
China,Asia,1972,63.119,862030000,676.9,CHN,156
"Hong Kong, China",Asia,1972,72.0,4115700,8315.928,HKG,344
India,Asia,1972,50.651,567000000,724.033,IND,356
Indonesia,Asia,1972,49.203,121282000,1111.108,IDN,360
Iran,Asia,1972,55.234,30614000,9613.819,IRN,364
Iraq,Asia,1972,56.95,10061506,9576.038,IRQ,368
Israel,Asia,1972,71.63,3095893,12786.932,ISR,376
Japan,Asia,1972,73.42,107188273,14778.786,JPN,392
Jordan,Asia,1972,56.528,1613551,2110.856,JOR,400
"Korea, Dem. Rep.",Asia,1972,63.983,14781241,3701.622,KOR,410
"Korea, Rep.",Asia,1972,62.612,33505000,3030.877,KOR,410
Kuwait,Asia,1972,67.712,841934,109347.867,KWT,414
Lebanon,Asia,1972,65.421,2680018,7486.384,LBN,422
Malaysia,Asia,1972,63.01,11441462,2849.095,MYS,458
Mongolia,Asia,1972,53.754,1320500,1421.742,MNG,496
Myanmar,Asia,1972,53.07,28466390,357.0,MMR,104
Nepal,Asia,1972,43.971,12412593,674.788,NPL,524
Oman,Asia,1972,52.143,829050,10618.039,OMN,512
Pakistan,Asia,1972,51.929,69325921,1049.939,PAK,586
Philippines,Asia,1972,58.065,40850141,1989.374,PHL,608
Saudi Arabia,Asia,1972,53.886,6472756,24837.429,SAU,682
Singapore,Asia,1972,69.521,2152400,8597.756,SGP,702
Sri Lanka,Asia,1972,65.042,13016733,1213.396,LKA,144
Syria,Asia,1972,57.296,6701172,2571.423,SYR,760
Taiwan,Asia,1972,69.39,15226039,4062.524,TWN,158
Thailand,Asia,1972,60.405,39276153,1524.359,THA,764
Vietnam,Asia,1972,50.254,44655014,699.502,VNM,704
West Bank and Gaza,Asia,1972,56.532,1089572,3133.409,PSE,275
"Yemen, Rep.",Asia,1972,39.848,7407075,1265.047,YEM,887
Albania,Europe,1972,67.69,2263554,3313.422,ALB,8
Austria,Europe,1972,70.63,7544201,16661.626,AUT,40
Belgium,Europe,1972,71.44,9709100,16672.144,BEL,56
Bosnia and Herzegovina,Europe,1972,67.45,3819000,2860.17,BIH,70
Bulgaria,Europe,1972,70.9,8576200,6597.494,BGR,100
Croatia,Europe,1972,69.61,4225310,9164.09,HRV,191
Czech Republic,Europe,1972,70.29,9862158,13108.454,CZE,203
Denmark,Europe,1972,73.47,4991596,18866.207,DNK,208
Finland,Europe,1972,70.87,4639657,14358.876,FIN,246
France,Europe,1972,72.38,51732000,16107.192,FRA,250
Germany,Europe,1972,71.0,78717088,18016.18,DEU,276
Greece,Europe,1972,72.34,8888628,12724.83,GRC,300
Hungary,Europe,1972,69.76,10394091,10168.656,HUN,348
Iceland,Europe,1972,74.46,209275,15798.064,ISL,352
Ireland,Europe,1972,71.28,3024400,9530.773,IRL,372
Italy,Europe,1972,72.19,54365564,12269.274,ITA,380
Montenegro,Europe,1972,70.636,527678,7778.414,MNE,499
Netherlands,Europe,1972,73.75,13329874,18794.746,NLD,528
Norway,Europe,1972,74.34,3933004,18965.056,NOR,578
Poland,Europe,1972,70.85,33039545,8006.507,POL,616
Portugal,Europe,1972,69.26,8970450,9022.247,PRT,620
Romania,Europe,1972,69.21,20662648,8011.414,ROU,642
Serbia,Europe,1972,68.7,8313288,10522.067,SRB,688
Slovak Republic,Europe,1972,70.35,4593433,9674.168,SVK,703
Slovenia,Europe,1972,69.82,1694510,12383.486,SVN,705
Spain,Europe,1972,73.06,34513161,10638.751,ESP,724
Sweden,Europe,1972,74.72,8122293,17832.025,SWE,752
Switzerland,Europe,1972,73.78,6401400,27195.113,CHE,756
Turkey,Europe,1972,57.005,37492953,3450.696,TUR,792
United Kingdom,Europe,1972,72.01,56079000,15895.116,GBR,826
Australia,Oceania,1972,71.93,13177000,16788.629,AUS,36
New Zealand,Oceania,1972,71.89,2929100,16046.037,NZL,554
Algeria,Africa,1977,58.014,17152804,4910.417,DZA,12
Angola,Africa,1977,39.483,6162675,3008.647,AGO,24
Benin,Africa,1977,49.19,3168267,1029.161,BEN,204
Botswana,Africa,1977,59.319,781472,3214.858,BWA,72
Burkina Faso,Africa,1977,46.137,5889574,743.387,BFA,854
Burundi,Africa,1977,45.91,3834415,556.103,BDI,108
Cameroon,Africa,1977,49.355,7959865,1783.433,CMR,120
Central African Republic,Africa,1977,46.775,2167533,1109.374,CAF,140
Chad,Africa,1977,47.383,4388260,1133.985,TCD,148
Comoros,Africa,1977,50.939,304739,1172.603,COM,174
"Congo, Dem. Rep.",Africa,1977,47.804,26480870,795.757,COD,180
"Congo, Rep.",Africa,1977,55.625,1536769,3259.179,COG,178
Cote d'Ivoire,Africa,1977,52.374,7459574,2517.737,CIV,384
Djibouti,Africa,1977,46.519,228694,3081.761,DJI,262
Egypt,Africa,1977,53.319,38783863,2785.494,EGY,818
Equatorial Guinea,Africa,1977,42.024,192675,958.567,GNQ,226
Eritrea,Africa,1977,44.535,2512642,505.754,ERI,232
Ethiopia,Africa,1977,44.51,34617799,556.808,ETH,231
Gabon,Africa,1977,52.79,706367,21745.573,GAB,266
Gambia,Africa,1977,41.842,608274,884.755,GMB,270
Ghana,Africa,1977,51.756,10538093,993.224,GHA,288
Guinea,Africa,1977,40.762,4227026,874.686,GIN,324
Guinea-Bissau,Africa,1977,37.465,745228,764.726,GNB,624
Kenya,Africa,1977,56.155,14500404,1267.613,KEN,404
Lesotho,Africa,1977,52.208,1251524,745.37,LSO,426
Liberia,Africa,1977,43.764,1703617,640.322,LBR,430
Libya,Africa,1977,57.442,2721783,21951.212,LBY,434
Madagascar,Africa,1977,46.881,8007166,1544.229,MDG,450
Malawi,Africa,1977,43.767,5637246,663.224,MWI,454
Mali,Africa,1977,41.714,6491649,686.395,MLI,466
Mauritania,Africa,1977,50.852,1456688,1497.492,MRT,478
Mauritius,Africa,1977,64.93,913025,3710.983,MUS,480
Morocco,Africa,1977,55.73,18396941,2370.62,MAR,504
Mozambique,Africa,1977,42.495,11127868,502.32,MOZ,508
Namibia,Africa,1977,56.437,977026,3876.486,NAM,516
Niger,Africa,1977,41.291,5682086,808.897,NER,562
Nigeria,Africa,1977,44.514,62209173,1981.952,NGA,566
Reunion,Africa,1977,67.064,492095,4319.804,REU,638
Rwanda,Africa,1977,45.0,4657072,670.081,RWA,646
Sao Tome and Principe,Africa,1977,58.55,86796,1737.562,STP,678
Senegal,Africa,1977,48.879,5260855,1561.769,SEN,686
Sierra Leone,Africa,1977,36.788,3140897,1348.285,SLE,694
Somalia,Africa,1977,41.974,4353666,1450.993,SOM,706
South Africa,Africa,1977,55.527,27129932,8028.651,ZAF,710
Sudan,Africa,1977,47.8,17104986,2202.988,SDN,736
Swaziland,Africa,1977,52.537,551425,3781.411,SWZ,748
Tanzania,Africa,1977,49.919,17129565,962.492,TZA,834
Togo,Africa,1977,52.887,2308582,1532.777,TGO,768
Tunisia,Africa,1977,59.837,6005061,3120.877,TUN,788
Uganda,Africa,1977,50.35,11457758,843.733,UGA,800
Zambia,Africa,1977,51.386,5216550,1588.688,ZMB,894
Zimbabwe,Africa,1977,57.674,6642107,685.588,ZWE,716
Argentina,Americas,1977,68.481,26983828,10079.027,ARG,32
Bolivia,Americas,1977,50.023,5079716,3548.098,BOL,68
Brazil,Americas,1977,61.489,114313951,6660.119,BRA,76
Canada,Americas,1977,74.21,23796400,22090.883,CAN,124
Chile,Americas,1977,67.052,10599793,4756.764,CHL,152
Colombia,Americas,1977,63.837,25094412,3815.808,COL,170
Costa Rica,Americas,1977,70.75,2108457,5926.877,CRI,188
Cuba,Americas,1977,72.649,9537988,6380.495,CUB,192
Dominican Republic,Americas,1977,61.788,5302800,2681.989,DOM,214
Ecuador,Americas,1977,61.31,7278866,6679.623,ECU,218
El Salvador,Americas,1977,56.696,4282586,5138.922,SLV,222
Guatemala,Americas,1977,56.029,5703430,4879.993,GTM,320
Haiti,Americas,1977,49.923,4908554,1874.299,HTI,332
Honduras,Americas,1977,57.402,3055235,3203.208,HND,340
Jamaica,Americas,1977,70.11,2156814,6650.196,JAM,388
Mexico,Americas,1977,65.032,63759976,7674.929,MEX,484
Nicaragua,Americas,1977,57.47,2554598,5486.371,NIC,558
Panama,Americas,1977,68.681,1839782,5351.912,PAN,591
Paraguay,Americas,1977,66.353,2984494,3248.373,PRY,600
Peru,Americas,1977,58.447,15990099,6281.291,PER,604
Puerto Rico,Americas,1977,73.44,3080828,9770.525,PRI,630
Trinidad and Tobago,Americas,1977,68.3,1039009,7899.554,TTO,780
United States,Americas,1977,73.38,220239000,24072.632,USA,840
Uruguay,Americas,1977,69.481,2873520,6504.34,URY,858
Venezuela,Americas,1977,67.456,13503563,13143.951,VEN,862
Afghanistan,Asia,1977,38.438,14880372,786.113,AFG,4
Bahrain,Asia,1977,65.593,297410,19340.102,BHR,48
Bangladesh,Asia,1977,46.923,80428306,659.877,BGD,50
Cambodia,Asia,1977,31.22,6978607,524.972,KHM,116
China,Asia,1977,63.967,943455000,741.237,CHN,156
"Hong Kong, China",Asia,1977,73.6,4583700,11186.141,HKG,344
India,Asia,1977,54.208,634000000,813.337,IND,356
Indonesia,Asia,1977,52.702,136725000,1382.702,IDN,360
Iran,Asia,1977,57.702,35480679,11888.595,IRN,364
Iraq,Asia,1977,60.413,11882916,14688.235,IRQ,368
Israel,Asia,1977,73.06,3495918,13306.619,ISR,376
Japan,Asia,1977,75.38,113872473,16610.377,JPN,392
Jordan,Asia,1977,61.134,1937652,2852.352,JOR,400
"Korea, Dem. Rep.",Asia,1977,67.159,16325320,4106.301,KOR,410
"Korea, Rep.",Asia,1977,64.766,36436000,4657.221,KOR,410
Kuwait,Asia,1977,69.343,1140357,59265.477,KWT,414
Lebanon,Asia,1977,66.099,3115787,8659.697,LBN,422
Malaysia,Asia,1977,65.256,12845381,3827.922,MYS,458
Mongolia,Asia,1977,55.491,1528000,1647.512,MNG,496
Myanmar,Asia,1977,56.059,31528087,371.0,MMR,104
Nepal,Asia,1977,46.748,13933198,694.112,NPL,524
Oman,Asia,1977,57.367,1004533,11848.344,OMN,512
Pakistan,Asia,1977,54.043,78152686,1175.921,PAK,586
Philippines,Asia,1977,60.06,46850962,2373.204,PHL,608
Saudi Arabia,Asia,1977,58.69,8128505,34167.763,SAU,682
Singapore,Asia,1977,70.795,2325300,11210.089,SGP,702
Sri Lanka,Asia,1977,65.949,14116836,1348.776,LKA,144
Syria,Asia,1977,61.195,7932503,3195.485,SYR,760
Taiwan,Asia,1977,70.59,16785196,5596.52,TWN,158
Thailand,Asia,1977,62.494,44148285,1961.225,THA,764
Vietnam,Asia,1977,55.764,50533506,713.537,VNM,704
West Bank and Gaza,Asia,1977,60.765,1261091,3682.831,PSE,275
"Yemen, Rep.",Asia,1977,44.175,8403990,1829.765,YEM,887
Albania,Europe,1977,68.93,2509048,3533.004,ALB,8
Austria,Europe,1977,72.17,7568430,19749.422,AUT,40
Belgium,Europe,1977,72.8,9821800,19117.974,BEL,56
Bosnia and Herzegovina,Europe,1977,69.86,4086000,3528.481,BIH,70
Bulgaria,Europe,1977,70.81,8797022,7612.24,BGR,100
Croatia,Europe,1977,70.64,4318673,11305.385,HRV,191
Czech Republic,Europe,1977,70.71,10161915,14800.161,CZE,203
Denmark,Europe,1977,74.69,5088419,20422.901,DNK,208
Finland,Europe,1977,72.52,4738902,15605.423,FIN,246
France,Europe,1977,73.83,53165019,18292.635,FRA,250
Germany,Europe,1977,72.5,78160773,20512.921,DEU,276
Greece,Europe,1977,73.68,9308479,14195.524,GRC,300
Hungary,Europe,1977,69.95,10637171,11674.837,HUN,348
Iceland,Europe,1977,76.11,221823,19654.962,ISL,352
Ireland,Europe,1977,72.03,3271900,11150.981,IRL,372
Italy,Europe,1977,73.48,56059245,14255.985,ITA,380
Montenegro,Europe,1977,73.066,560073,9595.93,MNE,499
Netherlands,Europe,1977,75.24,13852989,21209.059,NLD,528
Norway,Europe,1977,75.37,4043205,23311.349,NOR,578
Poland,Europe,1977,70.67,34621254,9508.141,POL,616
Portugal,Europe,1977,70.41,9662600,10172.486,PRT,620
Romania,Europe,1977,69.46,21658597,9356.397,ROU,642
Serbia,Europe,1977,70.3,8686367,12980.67,SRB,688
Slovak Republic,Europe,1977,70.45,4827803,10922.664,SVK,703
Slovenia,Europe,1977,70.97,1746919,15277.03,SVN,705
Spain,Europe,1977,74.39,36439000,13236.921,ESP,724
Sweden,Europe,1977,75.44,8251648,18855.725,SWE,752
Switzerland,Europe,1977,75.39,6316424,26982.291,CHE,756
Turkey,Europe,1977,59.507,42404033,4269.122,TUR,792
United Kingdom,Europe,1977,72.76,56179000,17428.748,GBR,826
Australia,Oceania,1977,73.49,14074100,18334.198,AUS,36
New Zealand,Oceania,1977,72.22,3164900,16233.718,NZL,554
Algeria,Africa,1982,61.368,20033753,5745.16,DZA,12
Angola,Africa,1982,39.942,7016384,2756.954,AGO,24
Benin,Africa,1982,50.904,3641603,1277.898,BEN,204
Botswana,Africa,1982,61.484,970347,4551.142,BWA,72
Burkina Faso,Africa,1982,48.122,6634596,807.199,BFA,854
Burundi,Africa,1982,47.471,4580410,559.603,BDI,108
Cameroon,Africa,1982,52.961,9250831,2367.983,CMR,120
Central African Republic,Africa,1982,48.295,2476971,956.753,CAF,140
Chad,Africa,1982,49.517,4875118,797.908,TCD,148
Comoros,Africa,1982,52.933,348643,1267.1,COM,174
"Congo, Dem. Rep.",Africa,1982,47.784,30646495,673.748,COD,180
"Congo, Rep.",Africa,1982,56.695,1774735,4879.508,COG,178
Cote d'Ivoire,Africa,1982,53.983,9025951,2602.71,CIV,384
Djibouti,Africa,1982,48.812,305991,2879.468,DJI,262
Egypt,Africa,1982,56.006,45681811,3503.73,EGY,818
Equatorial Guinea,Africa,1982,43.662,285483,927.825,GNQ,226
Eritrea,Africa,1982,43.89,2637297,524.876,ERI,232
Ethiopia,Africa,1982,44.916,38111756,577.861,ETH,231
Gabon,Africa,1982,56.564,753874,15113.362,GAB,266
Gambia,Africa,1982,45.58,715523,835.81,GMB,270
Ghana,Africa,1982,53.744,11400338,876.033,GHA,288
Guinea,Africa,1982,42.891,4710497,857.25,GIN,324
Guinea-Bissau,Africa,1982,39.327,825987,838.124,GNB,624
Kenya,Africa,1982,58.766,17661452,1348.226,KEN,404
Lesotho,Africa,1982,55.078,1411807,797.263,LSO,426
Liberia,Africa,1982,44.852,1956875,572.2,LBR,430
Libya,Africa,1982,62.155,3344074,17364.275,LBY,434
Madagascar,Africa,1982,48.969,9171477,1302.879,MDG,450
Malawi,Africa,1982,45.642,6502825,632.804,MWI,454
Mali,Africa,1982,43.916,6998256,618.014,MLI,466
Mauritania,Africa,1982,53.599,1622136,1481.15,MRT,478
Mauritius,Africa,1982,66.711,992040,3688.038,MUS,480
Morocco,Africa,1982,59.65,20198730,2702.62,MAR,504
Mozambique,Africa,1982,42.795,12587223,462.211,MOZ,508
Namibia,Africa,1982,58.968,1099010,4191.101,NAM,516
Niger,Africa,1982,42.598,6437188,909.722,NER,562
Nigeria,Africa,1982,45.826,73039376,1576.974,NGA,566
Reunion,Africa,1982,69.885,517810,5267.219,REU,638
Rwanda,Africa,1982,46.218,5507565,881.571,RWA,646
Sao Tome and Principe,Africa,1982,60.351,98593,1890.218,STP,678
Senegal,Africa,1982,52.379,6147783,1518.48,SEN,686
Sierra Leone,Africa,1982,38.445,3464522,1465.011,SLE,694
Somalia,Africa,1982,42.955,5828892,1176.807,SOM,706
South Africa,Africa,1982,58.161,31140029,8568.266,ZAF,710
Sudan,Africa,1982,50.338,20367053,1895.544,SDN,736
Swaziland,Africa,1982,55.561,649901,3895.384,SWZ,748
Tanzania,Africa,1982,50.608,19844382,874.243,TZA,834
Togo,Africa,1982,55.471,2644765,1344.578,TGO,768
Tunisia,Africa,1982,64.048,6734098,3560.233,TUN,788
Uganda,Africa,1982,49.849,12939400,682.266,UGA,800
Zambia,Africa,1982,51.821,6100407,1408.679,ZMB,894
Zimbabwe,Africa,1982,60.363,7636524,788.855,ZWE,716
Argentina,Americas,1982,69.942,29341374,8997.897,ARG,32
Bolivia,Americas,1982,53.859,5642224,3156.51,BOL,68
Brazil,Americas,1982,63.336,128962939,7030.836,BRA,76
Canada,Americas,1982,75.76,25201900,22898.792,CAN,124
Chile,Americas,1982,70.565,11487112,5095.666,CHL,152
Colombia,Americas,1982,66.653,27764644,4397.576,COL,170
Costa Rica,Americas,1982,73.45,2424367,5262.735,CRI,188
Cuba,Americas,1982,73.717,9789224,7316.918,CUB,192
Dominican Republic,Americas,1982,63.727,5968349,2861.092,DOM,214
Ecuador,Americas,1982,64.342,8365850,7213.791,ECU,218
El Salvador,Americas,1982,56.604,4474873,4098.344,SLV,222
Guatemala,Americas,1982,58.137,6395630,4820.495,GTM,320
Haiti,Americas,1982,51.461,5198399,2011.16,HTI,332
Honduras,Americas,1982,60.909,3669448,3121.761,HND,340
Jamaica,Americas,1982,71.21,2298309,6068.051,JAM,388
Mexico,Americas,1982,67.405,71640904,9611.148,MEX,484
Nicaragua,Americas,1982,59.298,2979423,3470.338,NIC,558
Panama,Americas,1982,70.472,2036305,7009.602,PAN,591
Paraguay,Americas,1982,66.874,3366439,4258.504,PRY,600
Peru,Americas,1982,61.406,18125129,6434.502,PER,604
Puerto Rico,Americas,1982,73.75,3279001,10330.989,PRI,630
Trinidad and Tobago,Americas,1982,68.832,1116479,9119.529,TTO,780
United States,Americas,1982,74.65,232187835,25009.559,USA,840
Uruguay,Americas,1982,70.805,2953997,6920.223,URY,858
Venezuela,Americas,1982,68.557,15620766,11152.41,VEN,862
Afghanistan,Asia,1982,39.854,12881816,978.011,AFG,4
Bahrain,Asia,1982,69.052,377967,19211.147,BHR,48
Bangladesh,Asia,1982,50.009,93074406,676.982,BGD,50
Cambodia,Asia,1982,50.957,7272485,624.475,KHM,116
China,Asia,1982,65.525,1000281000,962.421,CHN,156
"Hong Kong, China",Asia,1982,75.45,5264500,14560.531,HKG,344
India,Asia,1982,56.596,708000000,855.724,IND,356
Indonesia,Asia,1982,56.159,153343000,1516.873,IDN,360
Iran,Asia,1982,59.62,43072751,7608.335,IRN,364
Iraq,Asia,1982,62.038,14173318,14517.907,IRQ,368
Israel,Asia,1982,74.45,3858421,15367.029,ISR,376
Japan,Asia,1982,77.11,118454974,19384.106,JPN,392
Jordan,Asia,1982,63.739,2347031,4161.416,JOR,400
"Korea, Dem. Rep.",Asia,1982,69.1,17647518,4106.525,KOR,410
"Korea, Rep.",Asia,1982,67.123,39326000,5622.942,KOR,410
Kuwait,Asia,1982,71.309,1497494,31354.036,KWT,414
Lebanon,Asia,1982,66.983,3086876,7640.52,LBN,422
Malaysia,Asia,1982,68.0,14441916,4920.356,MYS,458
Mongolia,Asia,1982,57.489,1756032,2000.603,MNG,496
Myanmar,Asia,1982,58.056,34680442,424.0,MMR,104
Nepal,Asia,1982,49.594,15796314,718.373,NPL,524
Oman,Asia,1982,62.728,1301048,12954.791,OMN,512
Pakistan,Asia,1982,56.158,91462088,1443.43,PAK,586
Philippines,Asia,1982,62.082,53456774,2603.274,PHL,608
Saudi Arabia,Asia,1982,63.012,11254672,33693.175,SAU,682
Singapore,Asia,1982,71.76,2651869,15169.161,SGP,702
Sri Lanka,Asia,1982,68.757,15410151,1648.08,LKA,144
Syria,Asia,1982,64.59,9410494,3761.838,SYR,760
Taiwan,Asia,1982,72.16,18501390,7426.355,TWN,158
Thailand,Asia,1982,64.597,48827160,2393.22,THA,764
Vietnam,Asia,1982,58.816,56142181,707.236,VNM,704
West Bank and Gaza,Asia,1982,64.406,1425876,4336.032,PSE,275
"Yemen, Rep.",Asia,1982,49.113,9657618,1977.557,YEM,887
Albania,Europe,1982,70.42,2780097,3630.881,ALB,8
Austria,Europe,1982,73.18,7574613,21597.084,AUT,40
Belgium,Europe,1982,73.93,9856303,20979.846,BEL,56
Bosnia and Herzegovina,Europe,1982,70.69,4172693,4126.613,BIH,70
Bulgaria,Europe,1982,71.08,8892098,8224.192,BGR,100
Croatia,Europe,1982,70.46,4413368,13221.822,HRV,191
Czech Republic,Europe,1982,70.96,10303704,15377.229,CZE,203
Denmark,Europe,1982,74.63,5117810,21688.04,DNK,208
Finland,Europe,1982,74.55,4826933,18533.158,FIN,246
France,Europe,1982,74.89,54433565,20293.897,FRA,250
Germany,Europe,1982,73.8,78335266,22031.533,DEU,276
Greece,Europe,1982,75.24,9786480,15268.421,GRC,300
Hungary,Europe,1982,69.39,10705535,12545.991,HUN,348
Iceland,Europe,1982,76.99,233997,23269.607,ISL,352
Ireland,Europe,1982,73.1,3480000,12618.321,IRL,372
Italy,Europe,1982,74.98,56535636,16537.483,ITA,380
Montenegro,Europe,1982,74.101,562548,11222.588,MNE,499
Netherlands,Europe,1982,76.05,14310401,21399.46,NLD,528
Norway,Europe,1982,75.97,4114787,26298.635,NOR,578
Poland,Europe,1982,71.32,36227381,8451.531,POL,616
Portugal,Europe,1982,72.77,9859650,11753.843,PRT,620
Romania,Europe,1982,69.66,22356726,9605.314,ROU,642
Serbia,Europe,1982,70.162,9032824,15181.093,SRB,688
Slovak Republic,Europe,1982,70.8,5048043,11348.546,SVK,703
Slovenia,Europe,1982,71.063,1861252,17866.722,SVN,705
Spain,Europe,1982,76.3,37983310,13926.17,ESP,724
Sweden,Europe,1982,76.42,8325260,20667.381,SWE,752
Switzerland,Europe,1982,76.21,6468126,28397.715,CHE,756
Turkey,Europe,1982,61.036,47328791,4241.356,TUR,792
United Kingdom,Europe,1982,74.04,56339704,18232.425,GBR,826
Australia,Oceania,1982,74.74,15184200,19477.009,AUS,36
New Zealand,Oceania,1982,73.84,3210650,17632.41,NZL,554
Algeria,Africa,1987,65.799,23254956,5681.359,DZA,12
Angola,Africa,1987,39.906,7874230,2430.208,AGO,24
Benin,Africa,1987,52.337,4243788,1225.856,BEN,204
Botswana,Africa,1987,63.622,1151184,6205.884,BWA,72
Burkina Faso,Africa,1987,49.557,7586551,912.063,BFA,854
Burundi,Africa,1987,48.211,5126023,621.819,BDI,108
Cameroon,Africa,1987,54.985,10780667,2602.664,CMR,120
Central African Republic,Africa,1987,50.485,2840009,844.876,CAF,140
Chad,Africa,1987,51.051,5498955,952.386,TCD,148
Comoros,Africa,1987,54.926,395114,1315.981,COM,174
"Congo, Dem. Rep.",Africa,1987,47.412,35481645,672.775,COD,180
"Congo, Rep.",Africa,1987,57.47,2064095,4201.195,COG,178
Cote d'Ivoire,Africa,1987,54.655,10761098,2156.956,CIV,384
Djibouti,Africa,1987,50.04,311025,2880.103,DJI,262
Egypt,Africa,1987,59.797,52799062,3885.461,EGY,818
Equatorial Guinea,Africa,1987,45.664,341244,966.897,GNQ,226
Eritrea,Africa,1987,46.453,2915959,521.134,ERI,232
Ethiopia,Africa,1987,46.684,42999530,573.741,ETH,231
Gabon,Africa,1987,60.19,880397,11864.408,GAB,266
Gambia,Africa,1987,49.265,848406,611.659,GMB,270
Ghana,Africa,1987,55.729,14168101,847.006,GHA,288
Guinea,Africa,1987,45.552,5650262,805.572,GIN,324
Guinea-Bissau,Africa,1987,41.245,927524,736.415,GNB,624
Kenya,Africa,1987,59.339,21198082,1361.937,KEN,404
Lesotho,Africa,1987,57.18,1599200,773.993,LSO,426
Liberia,Africa,1987,46.027,2269414,506.114,LBR,430
Libya,Africa,1987,66.234,3799845,11770.59,LBY,434
Madagascar,Africa,1987,49.35,10568642,1155.442,MDG,450
Malawi,Africa,1987,47.457,7824747,635.517,MWI,454
Mali,Africa,1987,46.364,7634008,684.172,MLI,466
Mauritania,Africa,1987,56.145,1841240,1421.604,MRT,478
Mauritius,Africa,1987,68.74,1042663,4783.587,MUS,480
Morocco,Africa,1987,62.677,22987397,2755.047,MAR,504
Mozambique,Africa,1987,42.861,12891952,389.876,MOZ,508
Namibia,Africa,1987,60.835,1278184,3693.731,NAM,516
Niger,Africa,1987,44.555,7332638,668.3,NER,562
Nigeria,Africa,1987,46.886,81551520,1385.03,NGA,566
Reunion,Africa,1987,71.913,562035,5303.377,REU,638
Rwanda,Africa,1987,44.02,6349365,847.991,RWA,646
Sao Tome and Principe,Africa,1987,61.728,110812,1516.525,STP,678
Senegal,Africa,1987,55.769,7171347,1441.721,SEN,686
Sierra Leone,Africa,1987,40.006,3868905,1294.448,SLE,694
Somalia,Africa,1987,44.501,6921858,1093.245,SOM,706
South Africa,Africa,1987,60.834,35933379,7825.823,ZAF,710
Sudan,Africa,1987,51.744,24725960,1507.819,SDN,736
Swaziland,Africa,1987,57.678,779348,3984.84,SWZ,748
Tanzania,Africa,1987,51.535,23040630,831.822,TZA,834
Togo,Africa,1987,56.941,3154264,1202.201,TGO,768
Tunisia,Africa,1987,66.894,7724976,3810.419,TUN,788
Uganda,Africa,1987,51.509,15283050,617.724,UGA,800
Zambia,Africa,1987,50.821,7272406,1213.315,ZMB,894
Zimbabwe,Africa,1987,62.351,9216418,706.157,ZWE,716
Argentina,Americas,1987,70.774,31620918,9139.671,ARG,32
Bolivia,Americas,1987,57.251,6156369,2753.691,BOL,68
Brazil,Americas,1987,65.205,142938076,7807.096,BRA,76
Canada,Americas,1987,76.86,26549700,26626.515,CAN,124
Chile,Americas,1987,72.492,12463354,5547.064,CHL,152
Colombia,Americas,1987,67.768,30964245,4903.219,COL,170
Costa Rica,Americas,1987,74.752,2799811,5629.915,CRI,188
Cuba,Americas,1987,74.174,10239839,7532.925,CUB,192
Dominican Republic,Americas,1987,66.046,6655297,2899.842,DOM,214
Ecuador,Americas,1987,67.231,9545158,6481.777,ECU,218
El Salvador,Americas,1987,63.154,4842194,4140.442,SLV,222
Guatemala,Americas,1987,60.782,7326406,4246.486,GTM,320
Haiti,Americas,1987,53.636,5756203,1823.016,HTI,332
Honduras,Americas,1987,64.492,4372203,3023.097,HND,340
Jamaica,Americas,1987,71.77,2326606,6351.237,JAM,388
Mexico,Americas,1987,69.498,80122492,8688.156,MEX,484
Nicaragua,Americas,1987,62.008,3344353,2955.984,NIC,558
Panama,Americas,1987,71.523,2253639,7034.779,PAN,591
Paraguay,Americas,1987,67.378,3886512,3998.876,PRY,600
Peru,Americas,1987,64.134,20195924,6360.943,PER,604
Puerto Rico,Americas,1987,74.63,3444468,12281.342,PRI,630
Trinidad and Tobago,Americas,1987,69.582,1191336,7388.598,TTO,780
United States,Americas,1987,75.02,242803533,29884.35,USA,840
Uruguay,Americas,1987,71.918,3045153,7452.399,URY,858
Venezuela,Americas,1987,70.19,17910182,9883.585,VEN,862
Afghanistan,Asia,1987,40.822,13867957,852.396,AFG,4
Bahrain,Asia,1987,70.75,454612,18524.024,BHR,48
Bangladesh,Asia,1987,52.819,103764241,751.979,BGD,50
Cambodia,Asia,1987,53.914,8371791,683.896,KHM,116
China,Asia,1987,67.274,1084035000,1378.904,CHN,156
"Hong Kong, China",Asia,1987,76.2,5584510,20038.473,HKG,344
India,Asia,1987,58.553,788000000,976.513,IND,356
Indonesia,Asia,1987,60.137,169276000,1748.357,IDN,360
Iran,Asia,1987,63.04,51889696,6642.881,IRN,364
Iraq,Asia,1987,65.044,16543189,11643.573,IRQ,368
Israel,Asia,1987,75.6,4203148,17122.48,ISR,376
Japan,Asia,1987,78.67,122091325,22375.942,JPN,392
Jordan,Asia,1987,65.869,2820042,4448.68,JOR,400
"Korea, Dem. Rep.",Asia,1987,70.647,19067554,4106.492,KOR,410
"Korea, Rep.",Asia,1987,69.81,41622000,8533.089,KOR,410
Kuwait,Asia,1987,74.174,1891487,28118.43,KWT,414
Lebanon,Asia,1987,67.926,3089353,5377.091,LBN,422
Malaysia,Asia,1987,69.5,16331785,5249.803,MYS,458
Mongolia,Asia,1987,60.222,2015133,2338.008,MNG,496
Myanmar,Asia,1987,58.339,38028578,385.0,MMR,104
Nepal,Asia,1987,52.537,17917180,775.632,NPL,524
Oman,Asia,1987,67.734,1593882,18115.223,OMN,512
Pakistan,Asia,1987,58.245,105186881,1704.687,PAK,586
Philippines,Asia,1987,64.151,60017788,2189.635,PHL,608
Saudi Arabia,Asia,1987,66.295,14619745,21198.261,SAU,682
Singapore,Asia,1987,73.56,2794552,18861.531,SGP,702
Sri Lanka,Asia,1987,69.011,16495304,1876.767,LKA,144
Syria,Asia,1987,66.974,11242847,3116.774,SYR,760
Taiwan,Asia,1987,73.4,19757799,11054.562,TWN,158
Thailand,Asia,1987,66.084,52910342,2982.654,THA,764
Vietnam,Asia,1987,62.82,62826491,820.799,VNM,704
West Bank and Gaza,Asia,1987,67.046,1691210,5107.197,PSE,275
"Yemen, Rep.",Asia,1987,52.922,11219340,1971.742,YEM,887
Albania,Europe,1987,72.0,3075321,3738.933,ALB,8
Austria,Europe,1987,74.94,7578903,23687.826,AUT,40
Belgium,Europe,1987,75.35,9870200,22525.563,BEL,56
Bosnia and Herzegovina,Europe,1987,71.14,4338977,4314.115,BIH,70
Bulgaria,Europe,1987,71.34,8971958,8239.855,BGR,100
Croatia,Europe,1987,71.52,4484310,13822.584,HRV,191
Czech Republic,Europe,1987,71.58,10311597,16310.443,CZE,203
Denmark,Europe,1987,74.8,5127024,25116.176,DNK,208
Finland,Europe,1987,74.83,4931729,21141.012,FIN,246
France,Europe,1987,76.34,55630100,22066.442,FRA,250
Germany,Europe,1987,74.847,77718298,24639.186,DEU,276
Greece,Europe,1987,76.67,9974490,16120.528,GRC,300
Hungary,Europe,1987,69.58,10612740,12986.48,HUN,348
Iceland,Europe,1987,77.23,244676,26923.206,ISL,352
Ireland,Europe,1987,74.36,3539900,13872.867,IRL,372
Italy,Europe,1987,76.42,56729703,19207.235,ITA,380
Montenegro,Europe,1987,74.865,569473,11732.51,MNE,499
Netherlands,Europe,1987,76.83,14665278,23651.324,NLD,528
Norway,Europe,1987,75.89,4186147,31540.975,NOR,578
Poland,Europe,1987,70.98,37740710,9082.351,POL,616
Portugal,Europe,1987,74.06,9915289,13039.309,PRT,620
Romania,Europe,1987,69.53,22686371,9696.273,ROU,642
Serbia,Europe,1987,71.218,9230783,15870.879,SRB,688
Slovak Republic,Europe,1987,71.08,5199318,12037.268,SVK,703
Slovenia,Europe,1987,72.25,1945870,18678.535,SVN,705
Spain,Europe,1987,76.9,38880702,15764.983,ESP,724
Sweden,Europe,1987,77.19,8421403,23586.929,SWE,752
Switzerland,Europe,1987,77.41,6649942,30281.705,CHE,756
Turkey,Europe,1987,63.108,52881328,5089.044,TUR,792
United Kingdom,Europe,1987,75.007,56981620,21664.788,GBR,826
Australia,Oceania,1987,76.32,16257249,21888.889,AUS,36
New Zealand,Oceania,1987,74.32,3317166,19007.191,NZL,554
Algeria,Africa,1992,67.744,26298373,5023.217,DZA,12
Angola,Africa,1992,40.647,8735988,2627.846,AGO,24
Benin,Africa,1992,53.919,4981671,1191.208,BEN,204
Botswana,Africa,1992,62.745,1342614,7954.112,BWA,72
Burkina Faso,Africa,1992,50.26,8878303,931.753,BFA,854
Burundi,Africa,1992,44.736,5809236,631.7,BDI,108
Cameroon,Africa,1992,54.314,12467171,1793.163,CMR,120
Central African Republic,Africa,1992,49.396,3265124,747.906,CAF,140
Chad,Africa,1992,51.724,6429417,1058.064,TCD,148
Comoros,Africa,1992,57.939,454429,1246.907,COM,174
"Congo, Dem. Rep.",Africa,1992,45.548,41672143,457.719,COD,180
"Congo, Rep.",Africa,1992,56.433,2409073,4016.24,COG,178
Cote d'Ivoire,Africa,1992,52.044,12772596,1648.074,CIV,384
Djibouti,Africa,1992,51.604,384156,2377.156,DJI,262
Egypt,Africa,1992,63.674,59402198,3794.755,EGY,818
Equatorial Guinea,Africa,1992,47.545,387838,1132.055,GNQ,226
Eritrea,Africa,1992,49.991,3668440,582.859,ERI,232
Ethiopia,Africa,1992,48.091,52088559,421.353,ETH,231
Gabon,Africa,1992,61.366,985739,13522.158,GAB,266
Gambia,Africa,1992,52.644,1025384,665.624,GMB,270
Ghana,Africa,1992,57.501,16278738,925.06,GHA,288
Guinea,Africa,1992,48.576,6990574,794.348,GIN,324
Guinea-Bissau,Africa,1992,43.266,1050938,745.54,GNB,624
Kenya,Africa,1992,59.285,25020539,1341.922,KEN,404
Lesotho,Africa,1992,59.685,1803195,977.486,LSO,426
Liberia,Africa,1992,40.802,1912974,636.623,LBR,430
Libya,Africa,1992,68.755,4364501,9640.139,LBY,434
Madagascar,Africa,1992,52.214,12210395,1040.676,MDG,450
Malawi,Africa,1992,49.42,10014249,563.2,MWI,454
Mali,Africa,1992,48.388,8416215,739.014,MLI,466
Mauritania,Africa,1992,58.333,2119465,1361.37,MRT,478
Mauritius,Africa,1992,69.745,1096202,6058.254,MUS,480
Morocco,Africa,1992,65.393,25798239,2948.047,MAR,504
Mozambique,Africa,1992,44.284,13160731,410.897,MOZ,508
Namibia,Africa,1992,61.999,1554253,3804.538,NAM,516
Niger,Africa,1992,47.391,8392818,581.183,NER,562
Nigeria,Africa,1992,47.472,93364244,1619.848,NGA,566
Reunion,Africa,1992,73.615,622191,6101.256,REU,638
Rwanda,Africa,1992,23.599,7290203,737.069,RWA,646
Sao Tome and Principe,Africa,1992,62.742,125911,1428.778,STP,678
Senegal,Africa,1992,58.196,8307920,1367.899,SEN,686
Sierra Leone,Africa,1992,38.333,4260884,1068.696,SLE,694
Somalia,Africa,1992,39.658,6099799,926.96,SOM,706
South Africa,Africa,1992,61.888,39964159,7225.069,ZAF,710
Sudan,Africa,1992,53.556,28227588,1492.197,SDN,736
Swaziland,Africa,1992,58.474,962344,3553.022,SWZ,748
Tanzania,Africa,1992,50.44,26605473,825.682,TZA,834
Togo,Africa,1992,58.061,3747553,1034.299,TGO,768
Tunisia,Africa,1992,70.001,8523077,4332.72,TUN,788
Uganda,Africa,1992,48.825,18252190,644.171,UGA,800
Zambia,Africa,1992,46.1,8381163,1210.885,ZMB,894
Zimbabwe,Africa,1992,60.377,10704340,693.421,ZWE,716
Argentina,Americas,1992,71.868,33958947,9308.419,ARG,32
Bolivia,Americas,1992,59.957,6893451,2961.7,BOL,68
Brazil,Americas,1992,67.057,155975974,6950.283,BRA,76
Canada,Americas,1992,77.95,28523502,26342.884,CAN,124
Chile,Americas,1992,74.126,13572994,7596.126,CHL,152
Colombia,Americas,1992,68.421,34202721,5444.649,COL,170
Costa Rica,Americas,1992,75.713,3173216,6160.416,CRI,188
Cuba,Americas,1992,74.414,10723260,5592.844,CUB,192
Dominican Republic,Americas,1992,68.457,7351181,3044.214,DOM,214
Ecuador,Americas,1992,69.613,10748394,7103.703,ECU,218
El Salvador,Americas,1992,66.798,5274649,4444.232,SLV,222
Guatemala,Americas,1992,63.373,8486949,4439.451,GTM,320
Haiti,Americas,1992,55.089,6326682,1456.31,HTI,332
Honduras,Americas,1992,66.399,5077347,3081.695,HND,340
Jamaica,Americas,1992,71.766,2378618,7404.924,JAM,388
Mexico,Americas,1992,71.455,88111030,9472.384,MEX,484
Nicaragua,Americas,1992,65.843,4017939,2170.152,NIC,558
Panama,Americas,1992,72.462,2484997,6618.743,PAN,591
Paraguay,Americas,1992,68.225,4483945,4196.411,PRY,600
Peru,Americas,1992,66.458,22430449,4446.381,PER,604
Puerto Rico,Americas,1992,73.911,3585176,14641.587,PRI,630
Trinidad and Tobago,Americas,1992,69.862,1183669,7370.991,TTO,780
United States,Americas,1992,76.09,256894189,32003.932,USA,840
Uruguay,Americas,1992,72.752,3149262,8137.005,URY,858
Venezuela,Americas,1992,71.15,20265563,10733.926,VEN,862
Afghanistan,Asia,1992,41.674,16317921,649.341,AFG,4
Bahrain,Asia,1992,72.601,529491,19035.579,BHR,48
Bangladesh,Asia,1992,56.018,113704579,837.81,BGD,50
Cambodia,Asia,1992,55.803,10150094,682.303,KHM,116
China,Asia,1992,68.69,1164970000,1655.784,CHN,156
"Hong Kong, China",Asia,1992,77.601,5829696,24757.603,HKG,344
India,Asia,1992,60.223,872000000,1164.407,IND,356
Indonesia,Asia,1992,62.681,184816000,2383.141,IDN,360
Iran,Asia,1992,65.742,60397973,7235.653,IRN,364
Iraq,Asia,1992,59.461,17861905,3745.641,IRQ,368
Israel,Asia,1992,76.93,4936550,18051.523,ISR,376
Japan,Asia,1992,79.36,124329269,26824.895,JPN,392
Jordan,Asia,1992,68.015,3867409,3431.594,JOR,400
"Korea, Dem. Rep.",Asia,1992,69.978,20711375,3726.064,KOR,410
"Korea, Rep.",Asia,1992,72.244,43805450,12104.279,KOR,410
Kuwait,Asia,1992,75.19,1418095,34932.92,KWT,414
Lebanon,Asia,1992,69.292,3219994,6890.807,LBN,422
Malaysia,Asia,1992,70.693,18319502,7277.913,MYS,458
Mongolia,Asia,1992,61.271,2312802,1785.402,MNG,496
Myanmar,Asia,1992,59.32,40546538,347.0,MMR,104
Nepal,Asia,1992,55.727,20326209,897.74,NPL,524
Oman,Asia,1992,71.197,1915208,18616.707,OMN,512
Pakistan,Asia,1992,60.838,120065004,1971.829,PAK,586
Philippines,Asia,1992,66.458,67185766,2279.324,PHL,608
Saudi Arabia,Asia,1992,68.768,16945857,24841.618,SAU,682
Singapore,Asia,1992,75.788,3235865,24769.891,SGP,702
Sri Lanka,Asia,1992,70.379,17587060,2153.739,LKA,144
Syria,Asia,1992,69.249,13219062,3340.543,SYR,760
Taiwan,Asia,1992,74.26,20686918,15215.658,TWN,158
Thailand,Asia,1992,67.298,56667095,4616.897,THA,764
Vietnam,Asia,1992,67.662,69940728,989.023,VNM,704
West Bank and Gaza,Asia,1992,69.718,2104779,6017.655,PSE,275
"Yemen, Rep.",Asia,1992,55.599,13367997,1879.497,YEM,887
Albania,Europe,1992,71.581,3326498,2497.438,ALB,8
Austria,Europe,1992,76.04,7914969,27042.019,AUT,40
Belgium,Europe,1992,76.46,10045622,25575.571,BEL,56
Bosnia and Herzegovina,Europe,1992,72.178,4256013,2546.781,BIH,70
Bulgaria,Europe,1992,71.19,8658506,6302.623,BGR,100
Croatia,Europe,1992,72.527,4494013,8447.795,HRV,191
Czech Republic,Europe,1992,72.4,10315702,14297.021,CZE,203
Denmark,Europe,1992,75.33,5171393,26406.74,DNK,208
Finland,Europe,1992,75.7,5041039,20647.165,FIN,246
France,Europe,1992,77.46,57374179,24703.796,FRA,250
Germany,Europe,1992,76.07,80597764,26505.303,DEU,276
Greece,Europe,1992,77.03,10325429,17541.496,GRC,300
Hungary,Europe,1992,69.17,10348684,10535.629,HUN,348
Iceland,Europe,1992,78.77,259012,25144.392,ISL,352
Ireland,Europe,1992,75.467,3557761,17558.816,IRL,372
Italy,Europe,1992,77.44,56840847,22013.645,ITA,380
Montenegro,Europe,1992,75.435,621621,7003.339,MNE,499
Netherlands,Europe,1992,77.42,15174244,26790.95,NLD,528
Norway,Europe,1992,77.32,4286357,33965.661,NOR,578
Poland,Europe,1992,70.99,38370697,7738.881,POL,616
Portugal,Europe,1992,74.86,9927680,16207.267,PRT,620
Romania,Europe,1992,69.36,22797027,6598.41,ROU,642
Serbia,Europe,1992,71.659,9826397,9325.068,SRB,688
Slovak Republic,Europe,1992,71.38,5302888,9498.468,SVK,703
Slovenia,Europe,1992,73.64,1999210,14214.717,SVN,705
Spain,Europe,1992,77.57,39549438,18603.065,ESP,724
Sweden,Europe,1992,78.16,8718867,23880.017,SWE,752
Switzerland,Europe,1992,78.03,6995447,31871.53,CHE,756
Turkey,Europe,1992,66.146,58179144,5678.348,TUR,792
United Kingdom,Europe,1992,76.42,57866349,22705.093,GBR,826
Australia,Oceania,1992,77.56,17481977,23424.767,AUS,36
New Zealand,Oceania,1992,76.33,3437674,18363.325,NZL,554
Algeria,Africa,1997,69.152,29072015,4797.295,DZA,12
Angola,Africa,1997,40.963,9875024,2277.141,AGO,24
Benin,Africa,1997,54.777,6066080,1232.975,BEN,204
Botswana,Africa,1997,52.556,1536536,8647.142,BWA,72
Burkina Faso,Africa,1997,50.324,10352843,946.295,BFA,854
Burundi,Africa,1997,45.326,6121610,463.115,BDI,108
Cameroon,Africa,1997,52.199,14195809,1694.337,CMR,120
Central African Republic,Africa,1997,46.066,3696513,740.506,CAF,140
Chad,Africa,1997,51.573,7562011,1004.961,TCD,148
Comoros,Africa,1997,60.66,527982,1173.618,COM,174
"Congo, Dem. Rep.",Africa,1997,42.587,47798986,312.188,COD,180
"Congo, Rep.",Africa,1997,52.962,2800947,3484.164,COG,178
Cote d'Ivoire,Africa,1997,47.991,14625967,1786.265,CIV,384
Djibouti,Africa,1997,53.157,417908,1895.017,DJI,262
Egypt,Africa,1997,67.217,66134291,4173.182,EGY,818
Equatorial Guinea,Africa,1997,48.245,439971,2814.481,GNQ,226
Eritrea,Africa,1997,53.378,4058319,913.471,ERI,232
Ethiopia,Africa,1997,49.402,59861301,515.889,ETH,231
Gabon,Africa,1997,60.461,1126189,14722.842,GAB,266
Gambia,Africa,1997,55.861,1235767,653.73,GMB,270
Ghana,Africa,1997,58.556,18418288,1005.246,GHA,288
Guinea,Africa,1997,51.455,8048834,869.45,GIN,324
Guinea-Bissau,Africa,1997,44.873,1193708,796.664,GNB,624
Kenya,Africa,1997,54.407,28263827,1360.485,KEN,404
Lesotho,Africa,1997,55.558,1982823,1186.148,LSO,426
Liberia,Africa,1997,42.221,2200725,609.174,LBR,430
Libya,Africa,1997,71.555,4759670,9467.446,LBY,434
Madagascar,Africa,1997,54.978,14165114,986.296,MDG,450
Malawi,Africa,1997,47.495,10419991,692.276,MWI,454
Mali,Africa,1997,49.903,9384984,790.258,MLI,466
Mauritania,Africa,1997,60.43,2444741,1483.136,MRT,478
Mauritius,Africa,1997,70.736,1149818,7425.705,MUS,480
Morocco,Africa,1997,67.66,28529501,2982.102,MAR,504
Mozambique,Africa,1997,46.344,16603334,472.346,MOZ,508
Namibia,Africa,1997,58.909,1774766,3899.524,NAM,516
Niger,Africa,1997,51.313,9666252,580.305,NER,562
Nigeria,Africa,1997,47.464,106207839,1624.941,NGA,566
Reunion,Africa,1997,74.772,684810,6071.941,REU,638
Rwanda,Africa,1997,36.087,7212583,589.945,RWA,646
Sao Tome and Principe,Africa,1997,63.306,145608,1339.076,STP,678
Senegal,Africa,1997,60.187,9535314,1392.368,SEN,686
Sierra Leone,Africa,1997,39.897,4578212,574.648,SLE,694
Somalia,Africa,1997,43.795,6633514,930.596,SOM,706
South Africa,Africa,1997,60.236,42835005,7479.188,ZAF,710
Sudan,Africa,1997,55.373,32160729,1632.211,SDN,736
Swaziland,Africa,1997,54.289,1054486,3876.768,SWZ,748
Tanzania,Africa,1997,48.466,30686889,789.186,TZA,834
Togo,Africa,1997,58.39,4320890,982.287,TGO,768
Tunisia,Africa,1997,71.973,9231669,4876.799,TUN,788
Uganda,Africa,1997,44.578,21210254,816.559,UGA,800
Zambia,Africa,1997,40.238,9417789,1071.354,ZMB,894
Zimbabwe,Africa,1997,46.809,11404948,792.45,ZWE,716
Argentina,Americas,1997,73.275,36203463,10967.282,ARG,32
Bolivia,Americas,1997,62.05,7693188,3326.143,BOL,68
Brazil,Americas,1997,69.388,168546719,7957.981,BRA,76
Canada,Americas,1997,78.61,30305843,28954.926,CAN,124
Chile,Americas,1997,75.816,14599929,10118.053,CHL,152
Colombia,Americas,1997,70.313,37657830,6117.362,COL,170
Costa Rica,Americas,1997,77.26,3518107,6677.045,CRI,188
Cuba,Americas,1997,76.151,10983007,5431.99,CUB,192
Dominican Republic,Americas,1997,69.957,7992357,3614.101,DOM,214
Ecuador,Americas,1997,72.312,11911819,7429.456,ECU,218
El Salvador,Americas,1997,69.535,5783439,5154.825,SLV,222
Guatemala,Americas,1997,66.322,9803875,4684.314,GTM,320
Haiti,Americas,1997,56.671,6913545,1341.727,HTI,332
Honduras,Americas,1997,67.659,5867957,3160.455,HND,340
Jamaica,Americas,1997,72.262,2531311,7121.925,JAM,388
Mexico,Americas,1997,73.67,95895146,9767.298,MEX,484
Nicaragua,Americas,1997,68.426,4609572,2253.023,NIC,558
Panama,Americas,1997,73.738,2734531,7113.692,PAN,591
Paraguay,Americas,1997,69.4,5154123,4247.4,PRY,600
Peru,Americas,1997,68.386,24748122,5838.348,PER,604
Puerto Rico,Americas,1997,74.917,3759430,16999.433,PRI,630
Trinidad and Tobago,Americas,1997,69.465,1138101,8792.573,TTO,780
United States,Americas,1997,76.81,272911760,35767.433,USA,840
Uruguay,Americas,1997,74.223,3262838,9230.241,URY,858
Venezuela,Americas,1997,72.146,22374398,10165.495,VEN,862
Afghanistan,Asia,1997,41.763,22227415,635.341,AFG,4
Bahrain,Asia,1997,73.925,598561,20292.017,BHR,48
Bangladesh,Asia,1997,59.412,123315288,972.77,BGD,50
Cambodia,Asia,1997,56.534,11782962,734.285,KHM,116
China,Asia,1997,70.426,1230075000,2289.234,CHN,156
"Hong Kong, China",Asia,1997,80.0,6495918,28377.632,HKG,344
India,Asia,1997,61.765,959000000,1458.817,IND,356
Indonesia,Asia,1997,66.041,199278000,3119.336,IDN,360
Iran,Asia,1997,68.042,63327987,8263.59,IRN,364
Iraq,Asia,1997,58.811,20775703,3076.24,IRQ,368
Israel,Asia,1997,78.269,5531387,20896.609,ISR,376
Japan,Asia,1997,80.69,125956499,28816.585,JPN,392
Jordan,Asia,1997,69.772,4526235,3645.38,JOR,400
"Korea, Dem. Rep.",Asia,1997,67.727,21585105,1690.757,KOR,410
"Korea, Rep.",Asia,1997,74.647,46173816,15993.528,KOR,410
Kuwait,Asia,1997,76.156,1765345,40300.62,KWT,414
Lebanon,Asia,1997,70.265,3430388,8754.964,LBN,422
Malaysia,Asia,1997,71.938,20476091,10132.91,MYS,458
Mongolia,Asia,1997,63.625,2494803,1902.252,MNG,496
Myanmar,Asia,1997,60.328,43247867,415.0,MMR,104
Nepal,Asia,1997,59.426,23001113,1010.892,NPL,524
Oman,Asia,1997,72.499,2283635,19702.056,OMN,512
Pakistan,Asia,1997,61.818,135564834,2049.351,PAK,586
Philippines,Asia,1997,68.564,75012988,2536.535,PHL,608
Saudi Arabia,Asia,1997,70.533,21229759,20586.69,SAU,682
Singapore,Asia,1997,77.158,3802309,33519.477,SGP,702
Sri Lanka,Asia,1997,70.457,18698655,2664.477,LKA,144
Syria,Asia,1997,71.527,15081016,4014.239,SYR,760
Taiwan,Asia,1997,75.25,21628605,20206.821,TWN,158
Thailand,Asia,1997,67.521,60216677,5852.625,THA,764
Vietnam,Asia,1997,70.672,76048996,1385.897,VNM,704
West Bank and Gaza,Asia,1997,71.096,2826046,7110.668,PSE,275
"Yemen, Rep.",Asia,1997,58.02,15826497,2117.485,YEM,887
Albania,Europe,1997,72.95,3428038,3193.055,ALB,8
Austria,Europe,1997,77.51,8069876,29095.921,AUT,40
Belgium,Europe,1997,77.53,10199787,27561.197,BEL,56
Bosnia and Herzegovina,Europe,1997,73.244,3607000,4766.356,BIH,70
Bulgaria,Europe,1997,70.32,8066057,5970.389,BGR,100
Croatia,Europe,1997,73.68,4444595,9875.605,HRV,191
Czech Republic,Europe,1997,74.01,10300707,16048.514,CZE,203
Denmark,Europe,1997,76.11,5283663,29804.346,DNK,208
Finland,Europe,1997,77.13,5134406,23723.95,FIN,246
France,Europe,1997,78.64,58623428,25889.785,FRA,250
Germany,Europe,1997,77.34,82011073,27788.884,DEU,276
Greece,Europe,1997,77.869,10502372,18747.698,GRC,300
Hungary,Europe,1997,71.04,10244684,11712.777,HUN,348
Iceland,Europe,1997,78.95,271192,28061.1,ISL,352
Ireland,Europe,1997,76.122,3667233,24521.947,IRL,372
Italy,Europe,1997,78.82,57479469,24675.024,ITA,380
Montenegro,Europe,1997,75.445,692651,6465.613,MNE,499
Netherlands,Europe,1997,78.03,15604464,30246.131,NLD,528
Norway,Europe,1997,78.32,4405672,41283.164,NOR,578
Poland,Europe,1997,72.75,38654957,10159.584,POL,616
Portugal,Europe,1997,75.97,10156415,17641.032,PRT,620
Romania,Europe,1997,69.72,22562458,7346.548,ROU,642
Serbia,Europe,1997,72.232,10336594,7914.32,SRB,688
Slovak Republic,Europe,1997,72.71,5383010,12126.231,SVK,703
Slovenia,Europe,1997,75.13,2011612,17161.107,SVN,705
Spain,Europe,1997,78.77,39855442,20445.299,ESP,724
Sweden,Europe,1997,79.39,8897619,25266.595,SWE,752
Switzerland,Europe,1997,79.37,7193761,32135.323,CHE,756
Turkey,Europe,1997,68.835,63047647,6601.43,TUR,792
United Kingdom,Europe,1997,77.218,58808266,26074.531,GBR,826
Australia,Oceania,1997,78.83,18565243,26997.937,AUS,36
New Zealand,Oceania,1997,77.55,3676187,21050.414,NZL,554
Algeria,Africa,2002,70.994,31287142,5288.04,DZA,12
Angola,Africa,2002,41.003,10866106,2773.287,AGO,24
Benin,Africa,2002,54.406,7026113,1372.878,BEN,204
Botswana,Africa,2002,46.634,1630347,11003.605,BWA,72
Burkina Faso,Africa,2002,50.65,12251209,1037.645,BFA,854
Burundi,Africa,2002,47.36,7021078,446.404,BDI,108
Cameroon,Africa,2002,49.856,15929988,1934.011,CMR,120
Central African Republic,Africa,2002,43.308,4048013,738.691,CAF,140
Chad,Africa,2002,50.525,8835739,1156.182,TCD,148
Comoros,Africa,2002,62.974,614382,1075.812,COM,174
"Congo, Dem. Rep.",Africa,2002,44.966,55379852,241.166,COD,180
"Congo, Rep.",Africa,2002,52.97,3328795,3484.062,COG,178
Cote d'Ivoire,Africa,2002,46.832,16252726,1648.801,CIV,384
Djibouti,Africa,2002,53.373,447416,1908.261,DJI,262
Egypt,Africa,2002,69.806,73312559,4754.604,EGY,818
Equatorial Guinea,Africa,2002,49.348,495627,7703.496,GNQ,226
Eritrea,Africa,2002,55.24,4414865,765.35,ERI,232
Ethiopia,Africa,2002,50.725,67946797,530.054,ETH,231
Gabon,Africa,2002,56.761,1299304,12521.714,GAB,266
Gambia,Africa,2002,58.041,1457766,660.586,GMB,270
Ghana,Africa,2002,58.453,20550751,1111.985,GHA,288
Guinea,Africa,2002,53.676,8807818,945.584,GIN,324
Guinea-Bissau,Africa,2002,45.504,1332459,575.705,GNB,624
Kenya,Africa,2002,50.992,31386842,1287.515,KEN,404
Lesotho,Africa,2002,44.593,2046772,1275.185,LSO,426
Liberia,Africa,2002,43.753,2814651,531.482,LBR,430
Libya,Africa,2002,72.737,5368585,9534.677,LBY,434
Madagascar,Africa,2002,57.286,16473477,894.637,MDG,450
Malawi,Africa,2002,45.009,11824495,665.423,MWI,454
Mali,Africa,2002,51.818,10580176,951.41,MLI,466
Mauritania,Africa,2002,62.247,2828858,1579.02,MRT,478
Mauritius,Africa,2002,71.954,1200206,9021.816,MUS,480
Morocco,Africa,2002,69.615,31167783,3258.496,MAR,504
Mozambique,Africa,2002,44.026,18473780,633.618,MOZ,508
Namibia,Africa,2002,51.479,1972153,4072.325,NAM,516
Niger,Africa,2002,54.496,11140655,601.075,NER,562
Nigeria,Africa,2002,46.608,119901274,1615.286,NGA,566
Reunion,Africa,2002,75.744,743981,6316.165,REU,638
Rwanda,Africa,2002,43.413,7852401,785.654,RWA,646
Sao Tome and Principe,Africa,2002,64.337,170372,1353.092,STP,678
Senegal,Africa,2002,61.6,10870037,1519.635,SEN,686
Sierra Leone,Africa,2002,41.012,5359092,699.49,SLE,694
Somalia,Africa,2002,45.936,7753310,882.082,SOM,706
South Africa,Africa,2002,53.365,44433622,7710.946,ZAF,710
Sudan,Africa,2002,56.369,37090298,1993.398,SDN,736
Swaziland,Africa,2002,43.869,1130269,4128.117,SWZ,748
Tanzania,Africa,2002,49.651,34593779,899.074,TZA,834
Togo,Africa,2002,57.561,4977378,886.221,TGO,768
Tunisia,Africa,2002,73.042,9770575,5722.896,TUN,788
Uganda,Africa,2002,47.813,24739869,927.721,UGA,800
Zambia,Africa,2002,39.193,10595811,1071.614,ZMB,894
Zimbabwe,Africa,2002,39.989,11926563,672.039,ZWE,716
Argentina,Americas,2002,74.34,38331121,8797.641,ARG,32
Bolivia,Americas,2002,63.883,8445134,3413.263,BOL,68
Brazil,Americas,2002,71.006,179914212,8131.213,BRA,76
Canada,Americas,2002,79.77,31902268,33328.965,CAN,124
Chile,Americas,2002,77.86,15497046,10778.784,CHL,152
Colombia,Americas,2002,71.682,41008227,5755.26,COL,170
Costa Rica,Americas,2002,78.123,3834934,7723.447,CRI,188
Cuba,Americas,2002,77.158,11226999,6340.647,CUB,192
Dominican Republic,Americas,2002,70.847,8650322,4563.808,DOM,214
Ecuador,Americas,2002,74.173,12921234,5773.045,ECU,218
El Salvador,Americas,2002,70.734,6353681,5351.569,SLV,222
Guatemala,Americas,2002,68.978,11178650,4858.347,GTM,320
Haiti,Americas,2002,58.137,7607651,1270.365,HTI,332
Honduras,Americas,2002,68.565,6677328,3099.729,HND,340
Jamaica,Americas,2002,72.047,2664659,6994.775,JAM,388
Mexico,Americas,2002,74.902,102479927,10742.441,MEX,484
Nicaragua,Americas,2002,70.836,5146848,2474.549,NIC,558
Panama,Americas,2002,74.712,2990875,7356.032,PAN,591
Paraguay,Americas,2002,70.755,5884491,3783.674,PRY,600
Peru,Americas,2002,69.906,26769436,5909.02,PER,604
Puerto Rico,Americas,2002,77.778,3859606,18855.606,PRI,630
Trinidad and Tobago,Americas,2002,68.976,1101832,11460.6,TTO,780
United States,Americas,2002,77.31,287675526,39097.1,USA,840
Uruguay,Americas,2002,75.307,3363085,7727.002,URY,858
Venezuela,Americas,2002,72.766,24287670,8605.048,VEN,862
Afghanistan,Asia,2002,42.129,25268405,726.734,AFG,4
Bahrain,Asia,2002,74.795,656397,23403.559,BHR,48
Bangladesh,Asia,2002,62.013,135656790,1136.39,BGD,50
Cambodia,Asia,2002,56.752,12926707,896.226,KHM,116
China,Asia,2002,72.028,1280400000,3119.281,CHN,156
"Hong Kong, China",Asia,2002,81.495,6762476,30209.015,HKG,344
India,Asia,2002,62.879,1034172547,1746.769,IND,356
Indonesia,Asia,2002,68.588,211060000,2873.913,IDN,360
Iran,Asia,2002,69.451,66907826,9240.762,IRN,364
Iraq,Asia,2002,57.046,24001816,4390.717,IRQ,368
Israel,Asia,2002,79.696,6029529,21905.595,ISR,376
Japan,Asia,2002,82.0,127065841,28604.592,JPN,392
Jordan,Asia,2002,71.263,5307470,3844.917,JOR,400
"Korea, Dem. Rep.",Asia,2002,66.662,22215365,1646.758,KOR,410
"Korea, Rep.",Asia,2002,77.045,47969150,19233.988,KOR,410
Kuwait,Asia,2002,76.904,2111561,35110.106,KWT,414
Lebanon,Asia,2002,71.028,3677780,9313.939,LBN,422
Malaysia,Asia,2002,73.044,22662365,10206.978,MYS,458
Mongolia,Asia,2002,65.033,2674234,2140.739,MNG,496
Myanmar,Asia,2002,59.908,45598081,611.0,MMR,104
Nepal,Asia,2002,61.34,25873917,1057.206,NPL,524
Oman,Asia,2002,74.193,2713462,19774.837,OMN,512
Pakistan,Asia,2002,63.61,153403524,2092.712,PAK,586
Philippines,Asia,2002,70.303,82995088,2650.921,PHL,608
Saudi Arabia,Asia,2002,71.626,24501530,19014.541,SAU,682
Singapore,Asia,2002,78.77,4197776,36023.105,SGP,702
Sri Lanka,Asia,2002,70.815,19576783,3015.379,LKA,144
Syria,Asia,2002,73.053,17155814,4090.925,SYR,760
Taiwan,Asia,2002,76.99,22454239,23235.423,TWN,158
Thailand,Asia,2002,68.564,62806748,5913.188,THA,764
Vietnam,Asia,2002,73.017,80908147,1764.457,VNM,704
West Bank and Gaza,Asia,2002,72.37,3389578,4515.488,PSE,275
"Yemen, Rep.",Asia,2002,60.308,18701257,2234.821,YEM,887
Albania,Europe,2002,75.651,3508512,4604.212,ALB,8
Austria,Europe,2002,78.98,8148312,32417.608,AUT,40
Belgium,Europe,2002,78.32,10311970,30485.884,BEL,56
Bosnia and Herzegovina,Europe,2002,74.09,4165416,6018.975,BIH,70
Bulgaria,Europe,2002,72.14,7661799,7696.778,BGR,100
Croatia,Europe,2002,74.876,4481020,11628.389,HRV,191
Czech Republic,Europe,2002,75.51,10256295,17596.21,CZE,203
Denmark,Europe,2002,77.18,5374693,32166.5,DNK,208
Finland,Europe,2002,78.37,5193039,28204.591,FIN,246
France,Europe,2002,79.59,59925035,28926.032,FRA,250
Germany,Europe,2002,78.67,82350671,30035.802,DEU,276
Greece,Europe,2002,78.256,10603863,22514.255,GRC,300
Hungary,Europe,2002,72.59,10083313,14843.936,HUN,348
Iceland,Europe,2002,80.5,288030,31163.202,ISL,352
Ireland,Europe,2002,77.783,3879155,34077.049,IRL,372
Italy,Europe,2002,80.24,57926999,27968.098,ITA,380
Montenegro,Europe,2002,73.981,720230,6557.194,MNE,499
Netherlands,Europe,2002,78.53,16122830,33724.758,NLD,528
Norway,Europe,2002,79.05,4535591,44683.975,NOR,578
Poland,Europe,2002,74.67,38625976,12002.239,POL,616
Portugal,Europe,2002,77.29,10433867,19970.908,PRT,620
Romania,Europe,2002,71.322,22404337,7885.36,ROU,642
Serbia,Europe,2002,73.213,10111559,7236.075,SRB,688
Slovak Republic,Europe,2002,73.8,5410052,13638.778,SVK,703
Slovenia,Europe,2002,76.66,2011497,20660.019,SVN,705
Spain,Europe,2002,79.78,40152517,24835.472,ESP,724
Sweden,Europe,2002,80.04,8954175,29341.631,SWE,752
Switzerland,Europe,2002,80.62,7361757,34480.958,CHE,756
Turkey,Europe,2002,70.845,67308928,6508.086,TUR,792
United Kingdom,Europe,2002,78.471,59912431,29478.999,GBR,826
Australia,Oceania,2002,80.37,19546792,30687.755,AUS,36
New Zealand,Oceania,2002,79.11,3908037,23189.801,NZL,554
Algeria,Africa,2007,72.301,33333216,6223.367,DZA,12
Angola,Africa,2007,42.731,12420476,4797.231,AGO,24
Benin,Africa,2007,56.728,8078314,1441.285,BEN,204
Botswana,Africa,2007,50.728,1639131,12569.852,BWA,72
Burkina Faso,Africa,2007,52.295,14326203,1217.033,BFA,854
Burundi,Africa,2007,49.58,8390505,430.071,BDI,108
Cameroon,Africa,2007,50.43,17696293,2042.095,CMR,120
Central African Republic,Africa,2007,44.741,4369038,706.017,CAF,140
Chad,Africa,2007,50.651,10238807,1704.064,TCD,148
Comoros,Africa,2007,65.152,710960,986.148,COM,174
"Congo, Dem. Rep.",Africa,2007,46.462,64606759,277.552,COD,180
"Congo, Rep.",Africa,2007,55.322,3800610,3632.558,COG,178
Cote d'Ivoire,Africa,2007,48.328,18013409,1544.75,CIV,384
Djibouti,Africa,2007,54.791,496374,2082.482,DJI,262
Egypt,Africa,2007,71.338,80264543,5581.181,EGY,818
Equatorial Guinea,Africa,2007,51.579,551201,12154.09,GNQ,226
Eritrea,Africa,2007,58.04,4906585,641.37,ERI,232
Ethiopia,Africa,2007,52.947,76511887,690.806,ETH,231
Gabon,Africa,2007,56.735,1454867,13206.485,GAB,266
Gambia,Africa,2007,59.448,1688359,752.75,GMB,270
Ghana,Africa,2007,60.022,22873338,1327.609,GHA,288
Guinea,Africa,2007,56.007,9947814,942.654,GIN,324
Guinea-Bissau,Africa,2007,46.388,1472041,579.232,GNB,624
Kenya,Africa,2007,54.11,35610177,1463.249,KEN,404
Lesotho,Africa,2007,42.592,2012649,1569.331,LSO,426
Liberia,Africa,2007,45.678,3193942,414.507,LBR,430
Libya,Africa,2007,73.952,6036914,12057.499,LBY,434
Madagascar,Africa,2007,59.443,19167654,1044.77,MDG,450
Malawi,Africa,2007,48.303,13327079,759.35,MWI,454
Mali,Africa,2007,54.467,12031795,1042.582,MLI,466
Mauritania,Africa,2007,64.164,3270065,1803.151,MRT,478
Mauritius,Africa,2007,72.801,1250882,10956.991,MUS,480
Morocco,Africa,2007,71.164,33757175,3820.175,MAR,504
Mozambique,Africa,2007,42.082,19951656,823.686,MOZ,508
Namibia,Africa,2007,52.906,2055080,4811.06,NAM,516
Niger,Africa,2007,56.867,12894865,619.677,NER,562
Nigeria,Africa,2007,46.859,135031164,2013.977,NGA,566
Reunion,Africa,2007,76.442,798094,7670.123,REU,638
Rwanda,Africa,2007,46.242,8860588,863.088,RWA,646
Sao Tome and Principe,Africa,2007,65.528,199579,1598.435,STP,678
Senegal,Africa,2007,63.062,12267493,1712.472,SEN,686
Sierra Leone,Africa,2007,42.568,6144562,862.541,SLE,694
Somalia,Africa,2007,48.159,9118773,926.141,SOM,706
South Africa,Africa,2007,49.339,43997828,9269.658,ZAF,710
Sudan,Africa,2007,58.556,42292929,2602.395,SDN,736
Swaziland,Africa,2007,39.613,1133066,4513.481,SWZ,748
Tanzania,Africa,2007,52.517,38139640,1107.482,TZA,834
Togo,Africa,2007,58.42,5701579,882.97,TGO,768
Tunisia,Africa,2007,73.923,10276158,7092.923,TUN,788
Uganda,Africa,2007,51.542,29170398,1056.38,UGA,800
Zambia,Africa,2007,42.384,11746035,1271.212,ZMB,894
Zimbabwe,Africa,2007,43.487,12311143,469.709,ZWE,716
Argentina,Americas,2007,75.32,40301927,12779.38,ARG,32
Bolivia,Americas,2007,65.554,9119152,3822.137,BOL,68
Brazil,Americas,2007,72.39,190010647,9065.801,BRA,76
Canada,Americas,2007,80.653,33390141,36319.235,CAN,124
Chile,Americas,2007,78.553,16284741,13171.639,CHL,152
Colombia,Americas,2007,72.889,44227550,7006.58,COL,170
Costa Rica,Americas,2007,78.782,4133884,9645.061,CRI,188
Cuba,Americas,2007,78.273,11416987,8948.103,CUB,192
Dominican Republic,Americas,2007,72.235,9319622,6025.375,DOM,214
Ecuador,Americas,2007,74.994,13755680,6873.262,ECU,218
El Salvador,Americas,2007,71.878,6939688,5728.354,SLV,222
Guatemala,Americas,2007,70.259,12572928,5186.05,GTM,320
Haiti,Americas,2007,60.916,8502814,1201.637,HTI,332
Honduras,Americas,2007,70.198,7483763,3548.331,HND,340
Jamaica,Americas,2007,72.567,2780132,7320.88,JAM,388
Mexico,Americas,2007,76.195,108700891,11977.575,MEX,484
Nicaragua,Americas,2007,72.899,5675356,2749.321,NIC,558
Panama,Americas,2007,75.537,3242173,9809.186,PAN,591
Paraguay,Americas,2007,71.752,6667147,4172.838,PRY,600
Peru,Americas,2007,71.421,28674757,7408.906,PER,604
Puerto Rico,Americas,2007,78.746,3942491,19328.709,PRI,630
Trinidad and Tobago,Americas,2007,69.819,1056608,18008.509,TTO,780
United States,Americas,2007,78.242,301139947,42951.653,USA,840
Uruguay,Americas,2007,76.384,3447496,10611.463,URY,858
Venezuela,Americas,2007,73.747,26084662,11415.806,VEN,862
Afghanistan,Asia,2007,43.828,31889923,974.58,AFG,4
Bahrain,Asia,2007,75.635,708573,29796.048,BHR,48
Bangladesh,Asia,2007,64.062,150448339,1391.254,BGD,50
Cambodia,Asia,2007,59.723,14131858,1713.779,KHM,116
China,Asia,2007,72.961,1318683096,4959.115,CHN,156
"Hong Kong, China",Asia,2007,82.208,6980412,39724.979,HKG,344
India,Asia,2007,64.698,1110396331,2452.21,IND,356
Indonesia,Asia,2007,70.65,223547000,3540.652,IDN,360
Iran,Asia,2007,70.964,69453570,11605.714,IRN,364
Iraq,Asia,2007,59.545,27499638,4471.062,IRQ,368
Israel,Asia,2007,80.745,6426679,25523.277,ISR,376
Japan,Asia,2007,82.603,127467972,31656.068,JPN,392
Jordan,Asia,2007,72.535,6053193,4519.461,JOR,400
"Korea, Dem. Rep.",Asia,2007,67.297,23301725,1593.065,KOR,410
"Korea, Rep.",Asia,2007,78.623,49044790,23348.14,KOR,410
Kuwait,Asia,2007,77.588,2505559,47306.99,KWT,414
Lebanon,Asia,2007,71.993,3921278,10461.059,LBN,422
Malaysia,Asia,2007,74.241,24821286,12451.656,MYS,458
Mongolia,Asia,2007,66.803,2874127,3095.772,MNG,496
Myanmar,Asia,2007,62.069,47761980,944.0,MMR,104
Nepal,Asia,2007,63.785,28901790,1091.36,NPL,524
Oman,Asia,2007,75.64,3204897,22316.193,OMN,512
Pakistan,Asia,2007,65.483,169270617,2605.948,PAK,586
Philippines,Asia,2007,71.688,91077287,3190.481,PHL,608
Saudi Arabia,Asia,2007,72.777,27601038,21654.832,SAU,682
Singapore,Asia,2007,79.972,4553009,47143.18,SGP,702
Sri Lanka,Asia,2007,72.396,20378239,3970.095,LKA,144
Syria,Asia,2007,74.143,19314747,4184.548,SYR,760
Taiwan,Asia,2007,78.4,23174294,28718.277,TWN,158
Thailand,Asia,2007,70.616,65068149,7458.396,THA,764
Vietnam,Asia,2007,74.249,85262356,2441.576,VNM,704
West Bank and Gaza,Asia,2007,73.422,4018332,3025.35,PSE,275
"Yemen, Rep.",Asia,2007,62.698,22211743,2280.77,YEM,887
Albania,Europe,2007,76.423,3600523,5937.03,ALB,8
Austria,Europe,2007,79.829,8199783,36126.493,AUT,40
Belgium,Europe,2007,79.441,10392226,33692.605,BEL,56
Bosnia and Herzegovina,Europe,2007,74.852,4552198,7446.299,BIH,70
Bulgaria,Europe,2007,73.005,7322858,10680.793,BGR,100
Croatia,Europe,2007,75.748,4493312,14619.223,HRV,191
Czech Republic,Europe,2007,76.486,10228744,22833.309,CZE,203
Denmark,Europe,2007,78.332,5468120,35278.419,DNK,208
Finland,Europe,2007,79.313,5238460,33207.084,FIN,246
France,Europe,2007,80.657,61083916,30470.017,FRA,250
Germany,Europe,2007,79.406,82400996,32170.374,DEU,276
Greece,Europe,2007,79.483,10706290,27538.412,GRC,300
Hungary,Europe,2007,73.338,9956108,18008.944,HUN,348
Iceland,Europe,2007,81.757,301931,36180.789,ISL,352
Ireland,Europe,2007,78.885,4109086,40675.996,IRL,372
Italy,Europe,2007,80.546,58147733,28569.72,ITA,380
Montenegro,Europe,2007,74.543,684736,9253.896,MNE,499
Netherlands,Europe,2007,79.762,16570613,36797.933,NLD,528
Norway,Europe,2007,80.196,4627926,49357.19,NOR,578
Poland,Europe,2007,75.563,38518241,15389.925,POL,616
Portugal,Europe,2007,78.098,10642836,20509.648,PRT,620
Romania,Europe,2007,72.476,22276056,10808.476,ROU,642
Serbia,Europe,2007,74.002,10150265,9786.535,SRB,688
Slovak Republic,Europe,2007,74.663,5447502,18678.314,SVK,703
Slovenia,Europe,2007,77.926,2009245,25768.258,SVN,705
Spain,Europe,2007,80.941,40448191,28821.064,ESP,724
Sweden,Europe,2007,80.884,9031088,33859.748,SWE,752
Switzerland,Europe,2007,81.701,7554661,37506.419,CHE,756
Turkey,Europe,2007,71.777,71158647,8458.276,TUR,792
United Kingdom,Europe,2007,79.425,60776238,33203.261,GBR,826
Australia,Oceania,2007,81.235,20434176,34435.367,AUS,36
New Zealand,Oceania,2007,80.204,4115771,25185.009,NZL,554
